cell_id,batch,label
mouse1_lib1.final_cell_0001,human1,beta
mouse1_lib1.final_cell_0002,human1,ductal
mouse1_lib1.final_cell_0003,human1,delta
mouse1_lib1.final_cell_0004,human1,schwann
mouse1_lib1.final_cell_0005,human1,delta
mouse1_lib1.final_cell_0006,human1,beta
mouse1_lib1.final_cell_0007,human1,beta
mouse1_lib1.final_cell_0008,human1,beta
mouse1_lib1.final_cell_0009,human1,beta
mouse1_lib1.final_cell_0010,human1,ductal
mouse1_lib1.final_cell_0011,human1,ductal
mouse1_lib1.final_cell_0012,human1,beta
mouse1_lib1.final_cell_0013,human1,beta
mouse1_lib1.final_cell_0014,human1,delta
mouse1_lib1.final_cell_0015,human1,beta
mouse1_lib1.final_cell_0016,human1,ductal
mouse1_lib1.final_cell_0017,human1,beta
mouse1_lib1.final_cell_0018,human1,quiescent_stellate
mouse1_lib1.final_cell_0019,human1,ductal
mouse1_lib1.final_cell_0020,human1,ductal
mouse1_lib1.final_cell_0021,human1,beta
mouse1_lib1.final_cell_0022,human1,beta
mouse1_lib1.final_cell_0023,human1,beta
mouse1_lib1.final_cell_0024,human1,delta
mouse1_lib1.final_cell_0025,human1,quiescent_stellate
mouse1_lib1.final_cell_0026,human1,endothelial
mouse1_lib1.final_cell_0027,human1,ductal
mouse1_lib1.final_cell_0028,human1,ductal
mouse1_lib1.final_cell_0029,human1,beta
mouse1_lib1.final_cell_0030,human1,ductal
mouse1_lib1.final_cell_0031,human1,ductal
mouse1_lib1.final_cell_0032,human1,ductal
mouse1_lib1.final_cell_0033,human1,gamma
mouse1_lib1.final_cell_0034,human1,beta
mouse1_lib1.final_cell_0035,human1,beta
mouse1_lib1.final_cell_0036,human1,ductal
mouse1_lib1.final_cell_0037,human1,ductal
mouse1_lib1.final_cell_0038,human1,ductal
mouse1_lib1.final_cell_0039,human1,delta
mouse1_lib1.final_cell_0040,human1,beta
mouse1_lib1.final_cell_0041,human1,beta
mouse1_lib1.final_cell_0042,human1,ductal
mouse1_lib1.final_cell_0043,human1,delta
mouse1_lib1.final_cell_0044,human1,endothelial
mouse1_lib1.final_cell_0045,human1,beta
mouse1_lib1.final_cell_0046,human1,beta
mouse1_lib1.final_cell_0047,human1,alpha
mouse1_lib1.final_cell_0048,human1,ductal
mouse1_lib1.final_cell_0049,human1,beta
mouse1_lib1.final_cell_0050,human1,ductal
mouse1_lib1.final_cell_0051,human1,gamma
mouse1_lib1.final_cell_0052,human1,beta
mouse1_lib1.final_cell_0053,human1,ductal
mouse1_lib1.final_cell_0054,human1,ductal
mouse1_lib1.final_cell_0055,human1,ductal
mouse1_lib1.final_cell_0056,human1,beta
mouse1_lib1.final_cell_0057,human1,ductal
mouse1_lib1.final_cell_0058,human1,endothelial
mouse1_lib1.final_cell_0059,human1,ductal
mouse1_lib1.final_cell_0060,human1,beta
mouse1_lib1.final_cell_0061,human1,beta
mouse1_lib1.final_cell_0062,human1,ductal
mouse1_lib1.final_cell_0063,human1,ductal
mouse1_lib1.final_cell_0064,human1,endothelial
mouse1_lib1.final_cell_0065,human1,beta
mouse1_lib1.final_cell_0066,human1,beta
mouse1_lib1.final_cell_0067,human1,ductal
mouse1_lib1.final_cell_0068,human1,beta
mouse1_lib1.final_cell_0069,human1,endothelial
mouse1_lib1.final_cell_0070,human1,ductal
mouse1_lib1.final_cell_0071,human1,beta
mouse1_lib1.final_cell_0072,human1,beta
mouse1_lib1.final_cell_0073,human1,endothelial
mouse1_lib1.final_cell_0074,human1,beta
mouse1_lib1.final_cell_0075,human1,beta
mouse1_lib1.final_cell_0076,human1,ductal
mouse1_lib1.final_cell_0077,human1,beta
mouse1_lib1.final_cell_0078,human1,ductal
mouse1_lib1.final_cell_0079,human1,quiescent_stellate
mouse1_lib1.final_cell_0080,human1,beta
mouse1_lib1.final_cell_0081,human1,ductal
mouse1_lib1.final_cell_0082,human1,ductal
mouse1_lib1.final_cell_0083,human1,delta
mouse1_lib1.final_cell_0084,human1,alpha
mouse1_lib1.final_cell_0085,human1,ductal
mouse1_lib1.final_cell_0086,human1,beta
mouse1_lib1.final_cell_0087,human1,ductal
mouse1_lib1.final_cell_0088,human1,ductal
mouse1_lib1.final_cell_0089,human1,beta
mouse1_lib1.final_cell_0090,human1,ductal
mouse1_lib1.final_cell_0091,human1,delta
mouse1_lib1.final_cell_0092,human1,endothelial
mouse1_lib1.final_cell_0093,human1,beta
mouse1_lib1.final_cell_0094,human1,beta
mouse1_lib1.final_cell_0095,human1,ductal
mouse1_lib1.final_cell_0096,human1,delta
mouse1_lib1.final_cell_0097,human1,beta
mouse1_lib1.final_cell_0098,human1,ductal
mouse1_lib1.final_cell_0099,human1,ductal
mouse1_lib1.final_cell_0100,human1,endothelial
mouse1_lib1.final_cell_0101,human1,beta
mouse1_lib1.final_cell_0102,human1,endothelial
mouse1_lib1.final_cell_0103,human1,beta
mouse1_lib1.final_cell_0104,human1,ductal
mouse1_lib1.final_cell_0105,human1,quiescent_stellate
mouse1_lib1.final_cell_0106,human1,beta
mouse1_lib1.final_cell_0107,human1,quiescent_stellate
mouse1_lib1.final_cell_0108,human1,beta
mouse1_lib1.final_cell_0109,human1,beta
mouse1_lib1.final_cell_0110,human1,quiescent_stellate
mouse1_lib1.final_cell_0111,human1,delta
mouse1_lib1.final_cell_0112,human1,macrophage
mouse1_lib1.final_cell_0113,human1,beta
mouse1_lib1.final_cell_0114,human1,beta
mouse1_lib1.final_cell_0115,human1,endothelial
mouse1_lib1.final_cell_0116,human1,macrophage
mouse1_lib1.final_cell_0117,human1,beta
mouse1_lib1.final_cell_0118,human1,beta
mouse1_lib1.final_cell_0119,human1,beta
mouse1_lib1.final_cell_0120,human1,endothelial
mouse1_lib1.final_cell_0121,human1,beta
mouse1_lib1.final_cell_0122,human1,delta
mouse1_lib1.final_cell_0123,human1,beta
mouse1_lib1.final_cell_0124,human1,macrophage
mouse1_lib1.final_cell_0125,human1,beta
mouse1_lib1.final_cell_0126,human1,quiescent_stellate
mouse1_lib1.final_cell_0127,human1,ductal
mouse1_lib1.final_cell_0128,human1,beta
mouse1_lib1.final_cell_0129,human1,beta
mouse1_lib1.final_cell_0130,human1,beta
mouse1_lib1.final_cell_0131,human1,beta
mouse1_lib1.final_cell_0132,human1,beta
mouse1_lib1.final_cell_0133,human1,ductal
mouse1_lib1.final_cell_0134,human1,beta
mouse1_lib1.final_cell_0135,human1,ductal
mouse1_lib1.final_cell_0136,human1,delta
mouse1_lib1.final_cell_0137,human1,beta
mouse1_lib1.final_cell_0138,human1,beta
mouse1_lib1.final_cell_0139,human1,alpha
mouse1_lib1.final_cell_0140,human1,ductal
mouse1_lib1.final_cell_0141,human1,beta
mouse1_lib1.final_cell_0142,human1,beta
mouse1_lib1.final_cell_0143,human1,beta
mouse1_lib1.final_cell_0144,human1,beta
mouse1_lib1.final_cell_0145,human1,endothelial
mouse1_lib1.final_cell_0146,human1,delta
mouse1_lib1.final_cell_0147,human1,beta
mouse1_lib1.final_cell_0148,human1,beta
mouse1_lib1.final_cell_0149,human1,beta
mouse1_lib1.final_cell_0150,human1,beta
mouse1_lib1.final_cell_0151,human1,ductal
mouse1_lib1.final_cell_0152,human1,beta
mouse1_lib1.final_cell_0153,human1,ductal
mouse1_lib1.final_cell_0154,human1,beta
mouse1_lib1.final_cell_0155,human1,ductal
mouse1_lib1.final_cell_0156,human1,delta
mouse1_lib1.final_cell_0157,human1,endothelial
mouse1_lib1.final_cell_0158,human1,beta
mouse1_lib1.final_cell_0159,human1,ductal
mouse1_lib1.final_cell_0160,human1,macrophage
mouse1_lib1.final_cell_0161,human1,delta
mouse1_lib1.final_cell_0162,human1,immune_other
mouse1_lib1.final_cell_0163,human1,beta
mouse1_lib1.final_cell_0164,human1,beta
mouse1_lib1.final_cell_0165,human1,ductal
mouse1_lib1.final_cell_0166,human1,delta
mouse1_lib1.final_cell_0167,human1,gamma
mouse1_lib1.final_cell_0168,human1,beta
mouse1_lib1.final_cell_0169,human1,beta
mouse1_lib1.final_cell_0170,human1,beta
mouse1_lib1.final_cell_0171,human1,beta
mouse1_lib1.final_cell_0172,human1,beta
mouse1_lib1.final_cell_0173,human1,beta
mouse1_lib1.final_cell_0174,human1,beta
mouse1_lib1.final_cell_0175,human1,ductal
mouse1_lib1.final_cell_0176,human1,ductal
mouse1_lib1.final_cell_0177,human1,beta
mouse1_lib1.final_cell_0178,human1,ductal
mouse1_lib1.final_cell_0179,human1,beta
mouse1_lib1.final_cell_0180,human1,beta
mouse1_lib1.final_cell_0181,human1,beta
mouse1_lib1.final_cell_0182,human1,endothelial
mouse1_lib1.final_cell_0183,human1,ductal
mouse1_lib1.final_cell_0184,human1,ductal
mouse1_lib1.final_cell_0185,human1,ductal
mouse1_lib1.final_cell_0186,human1,beta
mouse1_lib1.final_cell_0187,human1,endothelial
mouse1_lib1.final_cell_0188,human1,endothelial
mouse1_lib1.final_cell_0189,human1,gamma
mouse1_lib1.final_cell_0190,human1,beta
mouse1_lib1.final_cell_0191,human1,beta
mouse1_lib1.final_cell_0192,human1,ductal
mouse1_lib1.final_cell_0193,human1,ductal
mouse1_lib1.final_cell_0194,human1,ductal
mouse1_lib1.final_cell_0195,human1,quiescent_stellate
mouse1_lib1.final_cell_0196,human1,beta
mouse1_lib1.final_cell_0197,human1,beta
mouse1_lib1.final_cell_0198,human1,beta
mouse1_lib1.final_cell_0199,human1,beta
mouse1_lib1.final_cell_0200,human1,ductal
mouse1_lib1.final_cell_0201,human1,ductal
mouse1_lib1.final_cell_0202,human1,ductal
mouse1_lib1.final_cell_0203,human1,endothelial
mouse1_lib1.final_cell_0204,human1,endothelial
mouse1_lib1.final_cell_0205,human1,delta
mouse1_lib1.final_cell_0206,human1,beta
mouse1_lib1.final_cell_0207,human1,quiescent_stellate
mouse1_lib1.final_cell_0208,human1,endothelial
mouse1_lib1.final_cell_0209,human1,beta
mouse1_lib1.final_cell_0210,human1,ductal
mouse1_lib1.final_cell_0211,human1,beta
mouse1_lib1.final_cell_0212,human1,delta
mouse1_lib1.final_cell_0213,human1,beta
mouse1_lib1.final_cell_0214,human1,beta
mouse1_lib1.final_cell_0215,human1,ductal
mouse1_lib1.final_cell_0216,human1,beta
mouse1_lib1.final_cell_0217,human1,delta
mouse1_lib1.final_cell_0218,human1,beta
mouse1_lib1.final_cell_0219,human1,beta
mouse1_lib1.final_cell_0220,human1,delta
mouse1_lib1.final_cell_0221,human1,ductal
mouse1_lib1.final_cell_0222,human1,activated_stellate
mouse1_lib1.final_cell_0223,human1,beta
mouse1_lib1.final_cell_0224,human1,beta
mouse1_lib1.final_cell_0225,human1,delta
mouse1_lib1.final_cell_0226,human1,delta
mouse1_lib1.final_cell_0227,human1,ductal
mouse1_lib1.final_cell_0228,human1,gamma
mouse1_lib1.final_cell_0229,human1,beta
mouse1_lib1.final_cell_0230,human1,beta
mouse1_lib1.final_cell_0231,human1,gamma
mouse1_lib1.final_cell_0232,human1,ductal
mouse1_lib1.final_cell_0233,human1,endothelial
mouse1_lib1.final_cell_0234,human1,quiescent_stellate
mouse1_lib1.final_cell_0235,human1,endothelial
mouse1_lib1.final_cell_0236,human1,ductal
mouse1_lib1.final_cell_0237,human1,quiescent_stellate
mouse1_lib1.final_cell_0238,human1,ductal
mouse1_lib1.final_cell_0239,human1,ductal
mouse1_lib1.final_cell_0240,human1,beta
mouse1_lib1.final_cell_0241,human1,beta
mouse1_lib1.final_cell_0242,human1,delta
mouse1_lib1.final_cell_0243,human1,beta
mouse1_lib1.final_cell_0244,human1,ductal
mouse1_lib1.final_cell_0245,human1,delta
mouse1_lib1.final_cell_0246,human1,delta
mouse1_lib1.final_cell_0247,human1,beta
mouse1_lib1.final_cell_0248,human1,beta
mouse1_lib1.final_cell_0249,human1,ductal
mouse1_lib1.final_cell_0250,human1,ductal
mouse1_lib1.final_cell_0251,human1,endothelial
mouse1_lib1.final_cell_0252,human1,beta
mouse1_lib1.final_cell_0253,human1,quiescent_stellate
mouse1_lib1.final_cell_0254,human1,delta
mouse1_lib1.final_cell_0255,human1,ductal
mouse1_lib1.final_cell_0256,human1,ductal
mouse1_lib1.final_cell_0257,human1,beta
mouse1_lib1.final_cell_0258,human1,ductal
mouse1_lib1.final_cell_0259,human1,beta
mouse1_lib1.final_cell_0260,human1,ductal
mouse1_lib1.final_cell_0261,human1,ductal
mouse1_lib1.final_cell_0262,human1,ductal
mouse1_lib1.final_cell_0263,human1,B_cell
mouse1_lib1.final_cell_0264,human1,ductal
mouse1_lib1.final_cell_0265,human1,T_cell
mouse1_lib1.final_cell_0266,human1,ductal
mouse1_lib1.final_cell_0267,human1,ductal
mouse1_lib1.final_cell_0268,human1,beta
mouse1_lib1.final_cell_0269,human1,ductal
mouse1_lib1.final_cell_0270,human1,beta
mouse1_lib1.final_cell_0271,human1,ductal
mouse1_lib1.final_cell_0272,human1,ductal
mouse1_lib1.final_cell_0273,human1,ductal
mouse1_lib1.final_cell_0274,human1,ductal
mouse1_lib1.final_cell_0275,human1,endothelial
mouse1_lib1.final_cell_0276,human1,endothelial
mouse1_lib1.final_cell_0277,human1,ductal
mouse1_lib2.final_cell_0001,human1,beta
mouse1_lib2.final_cell_0002,human1,schwann
mouse1_lib2.final_cell_0003,human1,delta
mouse1_lib2.final_cell_0004,human1,alpha
mouse1_lib2.final_cell_0005,human1,beta
mouse1_lib2.final_cell_0006,human1,beta
mouse1_lib2.final_cell_0007,human1,ductal
mouse1_lib2.final_cell_0008,human1,beta
mouse1_lib2.final_cell_0009,human1,alpha
mouse1_lib2.final_cell_0010,human1,schwann
mouse1_lib2.final_cell_0011,human1,ductal
mouse1_lib2.final_cell_0012,human1,ductal
mouse1_lib2.final_cell_0013,human1,ductal
mouse1_lib2.final_cell_0014,human1,quiescent_stellate
mouse1_lib2.final_cell_0015,human1,beta
mouse1_lib2.final_cell_0016,human1,ductal
mouse1_lib2.final_cell_0017,human1,ductal
mouse1_lib2.final_cell_0018,human1,endothelial
mouse1_lib2.final_cell_0019,human1,beta
mouse1_lib2.final_cell_0020,human1,ductal
mouse1_lib2.final_cell_0021,human1,ductal
mouse1_lib2.final_cell_0022,human1,ductal
mouse1_lib2.final_cell_0023,human1,ductal
mouse1_lib2.final_cell_0024,human1,ductal
mouse1_lib2.final_cell_0025,human1,beta
mouse1_lib2.final_cell_0026,human1,ductal
mouse1_lib2.final_cell_0027,human1,ductal
mouse1_lib2.final_cell_0028,human1,ductal
mouse1_lib2.final_cell_0029,human1,ductal
mouse1_lib2.final_cell_0030,human1,ductal
mouse1_lib2.final_cell_0031,human1,endothelial
mouse1_lib2.final_cell_0032,human1,beta
mouse1_lib2.final_cell_0033,human1,beta
mouse1_lib2.final_cell_0034,human1,beta
mouse1_lib2.final_cell_0035,human1,endothelial
mouse1_lib2.final_cell_0036,human1,ductal
mouse1_lib2.final_cell_0037,human1,beta
mouse1_lib2.final_cell_0038,human1,beta
mouse1_lib2.final_cell_0039,human1,beta
mouse1_lib2.final_cell_0040,human1,ductal
mouse1_lib2.final_cell_0041,human1,beta
mouse1_lib2.final_cell_0042,human1,beta
mouse1_lib2.final_cell_0043,human1,ductal
mouse1_lib2.final_cell_0044,human1,beta
mouse1_lib2.final_cell_0045,human1,ductal
mouse1_lib2.final_cell_0046,human1,endothelial
mouse1_lib2.final_cell_0047,human1,ductal
mouse1_lib2.final_cell_0048,human1,endothelial
mouse1_lib2.final_cell_0049,human1,beta
mouse1_lib2.final_cell_0050,human1,endothelial
mouse1_lib2.final_cell_0051,human1,ductal
mouse1_lib2.final_cell_0052,human1,ductal
mouse1_lib2.final_cell_0053,human1,beta
mouse1_lib2.final_cell_0054,human1,ductal
mouse1_lib2.final_cell_0055,human1,endothelial
mouse1_lib2.final_cell_0056,human1,endothelial
mouse1_lib2.final_cell_0057,human1,immune_other
mouse1_lib2.final_cell_0058,human1,beta
mouse1_lib2.final_cell_0059,human1,ductal
mouse1_lib2.final_cell_0060,human1,beta
mouse1_lib2.final_cell_0061,human1,beta
mouse1_lib2.final_cell_0062,human1,beta
mouse1_lib2.final_cell_0063,human1,beta
mouse1_lib2.final_cell_0064,human1,delta
mouse1_lib2.final_cell_0065,human1,beta
mouse1_lib2.final_cell_0066,human1,ductal
mouse1_lib2.final_cell_0067,human1,beta
mouse1_lib2.final_cell_0068,human1,ductal
mouse1_lib2.final_cell_0069,human1,endothelial
mouse1_lib2.final_cell_0070,human1,beta
mouse1_lib2.final_cell_0071,human1,ductal
mouse1_lib2.final_cell_0072,human1,ductal
mouse1_lib2.final_cell_0073,human1,beta
mouse1_lib2.final_cell_0074,human1,beta
mouse1_lib2.final_cell_0075,human1,beta
mouse1_lib2.final_cell_0076,human1,beta
mouse1_lib2.final_cell_0077,human1,ductal
mouse1_lib2.final_cell_0078,human1,endothelial
mouse1_lib2.final_cell_0079,human1,macrophage
mouse1_lib2.final_cell_0080,human1,beta
mouse1_lib2.final_cell_0081,human1,ductal
mouse1_lib2.final_cell_0082,human1,beta
mouse1_lib2.final_cell_0083,human1,ductal
mouse1_lib2.final_cell_0084,human1,beta
mouse1_lib2.final_cell_0085,human1,beta
mouse1_lib2.final_cell_0086,human1,delta
mouse1_lib2.final_cell_0087,human1,beta
mouse1_lib2.final_cell_0088,human1,macrophage
mouse1_lib2.final_cell_0089,human1,beta
mouse1_lib2.final_cell_0090,human1,beta
mouse1_lib2.final_cell_0091,human1,beta
mouse1_lib2.final_cell_0092,human1,beta
mouse1_lib2.final_cell_0093,human1,quiescent_stellate
mouse1_lib2.final_cell_0094,human1,beta
mouse1_lib2.final_cell_0095,human1,endothelial
mouse1_lib2.final_cell_0096,human1,beta
mouse1_lib2.final_cell_0097,human1,beta
mouse1_lib2.final_cell_0098,human1,beta
mouse1_lib2.final_cell_0099,human1,macrophage
mouse1_lib2.final_cell_0100,human1,ductal
mouse1_lib2.final_cell_0101,human1,beta
mouse1_lib2.final_cell_0102,human1,endothelial
mouse1_lib2.final_cell_0103,human1,beta
mouse1_lib2.final_cell_0104,human1,beta
mouse1_lib2.final_cell_0105,human1,delta
mouse1_lib2.final_cell_0106,human1,macrophage
mouse1_lib2.final_cell_0107,human1,ductal
mouse1_lib2.final_cell_0108,human1,beta
mouse1_lib2.final_cell_0109,human1,beta
mouse1_lib2.final_cell_0110,human1,ductal
mouse1_lib2.final_cell_0111,human1,beta
mouse1_lib2.final_cell_0112,human1,beta
mouse1_lib2.final_cell_0113,human1,delta
mouse1_lib2.final_cell_0114,human1,quiescent_stellate
mouse1_lib2.final_cell_0115,human1,beta
mouse1_lib2.final_cell_0116,human1,beta
mouse1_lib2.final_cell_0117,human1,ductal
mouse1_lib2.final_cell_0118,human1,beta
mouse1_lib2.final_cell_0119,human1,endothelial
mouse1_lib2.final_cell_0120,human1,beta
mouse1_lib2.final_cell_0121,human1,delta
mouse1_lib2.final_cell_0122,human1,beta
mouse1_lib2.final_cell_0123,human1,delta
mouse1_lib2.final_cell_0124,human1,endothelial
mouse1_lib2.final_cell_0125,human1,beta
mouse1_lib2.final_cell_0126,human1,beta
mouse1_lib2.final_cell_0127,human1,ductal
mouse1_lib2.final_cell_0128,human1,gamma
mouse1_lib2.final_cell_0129,human1,gamma
mouse1_lib2.final_cell_0130,human1,ductal
mouse1_lib2.final_cell_0131,human1,beta
mouse1_lib2.final_cell_0132,human1,endothelial
mouse1_lib2.final_cell_0133,human1,beta
mouse1_lib2.final_cell_0134,human1,beta
mouse1_lib2.final_cell_0135,human1,delta
mouse1_lib2.final_cell_0136,human1,ductal
mouse1_lib2.final_cell_0137,human1,beta
mouse1_lib2.final_cell_0138,human1,delta
mouse1_lib2.final_cell_0139,human1,endothelial
mouse1_lib2.final_cell_0140,human1,gamma
mouse1_lib2.final_cell_0141,human1,ductal
mouse1_lib2.final_cell_0142,human1,macrophage
mouse1_lib2.final_cell_0143,human1,quiescent_stellate
mouse1_lib2.final_cell_0144,human1,ductal
mouse1_lib2.final_cell_0145,human1,beta
mouse1_lib2.final_cell_0146,human1,beta
mouse1_lib2.final_cell_0147,human1,beta
mouse1_lib2.final_cell_0148,human1,beta
mouse1_lib2.final_cell_0149,human1,beta
mouse1_lib2.final_cell_0150,human1,delta
mouse1_lib2.final_cell_0151,human1,ductal
mouse1_lib2.final_cell_0152,human1,beta
mouse1_lib2.final_cell_0153,human1,ductal
mouse1_lib2.final_cell_0154,human1,delta
mouse1_lib2.final_cell_0155,human1,delta
mouse1_lib2.final_cell_0156,human1,beta
mouse1_lib2.final_cell_0157,human1,beta
mouse1_lib2.final_cell_0158,human1,endothelial
mouse1_lib2.final_cell_0159,human1,beta
mouse1_lib2.final_cell_0160,human1,delta
mouse1_lib2.final_cell_0161,human1,beta
mouse1_lib2.final_cell_0162,human1,delta
mouse1_lib2.final_cell_0163,human1,beta
mouse1_lib2.final_cell_0164,human1,alpha
mouse1_lib2.final_cell_0165,human1,ductal
mouse1_lib2.final_cell_0166,human1,beta
mouse1_lib2.final_cell_0167,human1,quiescent_stellate
mouse1_lib2.final_cell_0168,human1,ductal
mouse1_lib2.final_cell_0169,human1,beta
mouse1_lib2.final_cell_0170,human1,endothelial
mouse1_lib2.final_cell_0171,human1,ductal
mouse1_lib2.final_cell_0172,human1,beta
mouse1_lib2.final_cell_0173,human1,beta
mouse1_lib2.final_cell_0174,human1,beta
mouse1_lib2.final_cell_0175,human1,beta
mouse1_lib2.final_cell_0176,human1,beta
mouse1_lib2.final_cell_0177,human1,beta
mouse1_lib2.final_cell_0178,human1,beta
mouse1_lib2.final_cell_0179,human1,endothelial
mouse1_lib2.final_cell_0180,human1,beta
mouse1_lib2.final_cell_0181,human1,ductal
mouse1_lib2.final_cell_0182,human1,beta
mouse1_lib2.final_cell_0183,human1,endothelial
mouse1_lib2.final_cell_0184,human1,beta
mouse1_lib2.final_cell_0185,human1,beta
mouse1_lib2.final_cell_0186,human1,macrophage
mouse1_lib2.final_cell_0187,human1,beta
mouse1_lib2.final_cell_0188,human1,delta
mouse1_lib2.final_cell_0189,human1,beta
mouse1_lib2.final_cell_0190,human1,beta
mouse1_lib2.final_cell_0191,human1,beta
mouse1_lib2.final_cell_0192,human1,beta
mouse1_lib2.final_cell_0193,human1,beta
mouse1_lib2.final_cell_0194,human1,ductal
mouse1_lib2.final_cell_0195,human1,beta
mouse1_lib2.final_cell_0196,human1,beta
mouse1_lib2.final_cell_0197,human1,beta
mouse1_lib2.final_cell_0198,human1,gamma
mouse1_lib2.final_cell_0199,human1,beta
mouse1_lib2.final_cell_0200,human1,endothelial
mouse1_lib2.final_cell_0201,human1,macrophage
mouse1_lib2.final_cell_0202,human1,endothelial
mouse1_lib2.final_cell_0203,human1,beta
mouse1_lib2.final_cell_0204,human1,beta
mouse1_lib2.final_cell_0205,human1,ductal
mouse1_lib2.final_cell_0206,human1,endothelial
mouse1_lib2.final_cell_0207,human1,beta
mouse1_lib2.final_cell_0208,human1,beta
mouse1_lib2.final_cell_0209,human1,beta
mouse1_lib2.final_cell_0210,human1,delta
mouse1_lib2.final_cell_0211,human1,beta
mouse1_lib2.final_cell_0212,human1,quiescent_stellate
mouse1_lib2.final_cell_0213,human1,delta
mouse1_lib2.final_cell_0214,human1,beta
mouse1_lib2.final_cell_0215,human1,beta
mouse1_lib2.final_cell_0216,human1,beta
mouse1_lib2.final_cell_0217,human1,quiescent_stellate
mouse1_lib2.final_cell_0218,human1,delta
mouse1_lib2.final_cell_0219,human1,ductal
mouse1_lib2.final_cell_0220,human1,ductal
mouse1_lib2.final_cell_0221,human1,beta
mouse1_lib2.final_cell_0222,human1,beta
mouse1_lib2.final_cell_0223,human1,endothelial
mouse1_lib2.final_cell_0224,human1,beta
mouse1_lib2.final_cell_0225,human1,beta
mouse1_lib2.final_cell_0226,human1,delta
mouse1_lib2.final_cell_0227,human1,quiescent_stellate
mouse1_lib2.final_cell_0228,human1,gamma
mouse1_lib2.final_cell_0229,human1,delta
mouse1_lib2.final_cell_0230,human1,beta
mouse1_lib2.final_cell_0231,human1,delta
mouse1_lib2.final_cell_0232,human1,beta
mouse1_lib2.final_cell_0233,human1,ductal
mouse1_lib2.final_cell_0234,human1,ductal
mouse1_lib2.final_cell_0235,human1,beta
mouse1_lib2.final_cell_0236,human1,beta
mouse1_lib2.final_cell_0237,human1,delta
mouse1_lib2.final_cell_0238,human1,beta
mouse1_lib2.final_cell_0239,human1,endothelial
mouse1_lib2.final_cell_0240,human1,delta
mouse1_lib2.final_cell_0241,human1,delta
mouse1_lib2.final_cell_0242,human1,beta
mouse1_lib2.final_cell_0243,human1,delta
mouse1_lib2.final_cell_0244,human1,alpha
mouse1_lib2.final_cell_0245,human1,quiescent_stellate
mouse1_lib2.final_cell_0246,human1,beta
mouse1_lib2.final_cell_0247,human1,gamma
mouse1_lib2.final_cell_0248,human1,endothelial
mouse1_lib2.final_cell_0249,human1,delta
mouse1_lib2.final_cell_0250,human1,ductal
mouse1_lib2.final_cell_0251,human1,ductal
mouse1_lib2.final_cell_0252,human1,beta
mouse1_lib2.final_cell_0253,human1,delta
mouse1_lib2.final_cell_0254,human1,beta
mouse1_lib2.final_cell_0255,human1,delta
mouse1_lib2.final_cell_0256,human1,beta
mouse1_lib2.final_cell_0257,human1,ductal
mouse1_lib2.final_cell_0258,human1,endothelial
mouse1_lib2.final_cell_0259,human1,endothelial
mouse1_lib2.final_cell_0260,human1,ductal
mouse1_lib2.final_cell_0261,human1,alpha
mouse1_lib2.final_cell_0262,human1,delta
mouse1_lib2.final_cell_0263,human1,delta
mouse1_lib2.final_cell_0264,human1,beta
mouse1_lib2.final_cell_0265,human1,beta
mouse1_lib2.final_cell_0266,human1,endothelial
mouse1_lib2.final_cell_0267,human1,beta
mouse1_lib2.final_cell_0268,human1,beta
mouse1_lib2.final_cell_0269,human1,activated_stellate
mouse1_lib2.final_cell_0270,human1,delta
mouse1_lib2.final_cell_0271,human1,ductal
mouse1_lib2.final_cell_0272,human1,macrophage
mouse1_lib2.final_cell_0273,human1,beta
mouse1_lib2.final_cell_0274,human1,delta
mouse1_lib2.final_cell_0275,human1,beta
mouse1_lib2.final_cell_0276,human1,beta
mouse1_lib2.final_cell_0277,human1,beta
mouse1_lib2.final_cell_0278,human1,beta
mouse1_lib2.final_cell_0279,human1,ductal
mouse1_lib2.final_cell_0280,human1,ductal
mouse1_lib2.final_cell_0281,human1,ductal
mouse1_lib2.final_cell_0282,human1,ductal
mouse1_lib2.final_cell_0283,human1,ductal
mouse1_lib2.final_cell_0284,human1,ductal
mouse1_lib2.final_cell_0285,human1,ductal
mouse1_lib2.final_cell_0286,human1,ductal
mouse1_lib2.final_cell_0287,human1,quiescent_stellate
mouse1_lib2.final_cell_0288,human1,delta
mouse1_lib2.final_cell_0289,human1,endothelial
mouse1_lib2.final_cell_0290,human1,ductal
mouse1_lib2.final_cell_0291,human1,endothelial
mouse1_lib3.final_cell_0001,human1,beta
mouse1_lib3.final_cell_0002,human1,beta
mouse1_lib3.final_cell_0003,human1,ductal
mouse1_lib3.final_cell_0004,human1,delta
mouse1_lib3.final_cell_0005,human1,alpha
mouse1_lib3.final_cell_0006,human1,endothelial
mouse1_lib3.final_cell_0007,human1,beta
mouse1_lib3.final_cell_0008,human1,ductal
mouse1_lib3.final_cell_0009,human1,beta
mouse1_lib3.final_cell_0010,human1,ductal
mouse1_lib3.final_cell_0011,human1,ductal
mouse1_lib3.final_cell_0012,human1,ductal
mouse1_lib3.final_cell_0013,human1,ductal
mouse1_lib3.final_cell_0014,human1,ductal
mouse1_lib3.final_cell_0015,human1,ductal
mouse1_lib3.final_cell_0016,human1,ductal
mouse1_lib3.final_cell_0017,human1,ductal
mouse1_lib3.final_cell_0018,human1,beta
mouse1_lib3.final_cell_0019,human1,ductal
mouse1_lib3.final_cell_0020,human1,gamma
mouse1_lib3.final_cell_0021,human1,delta
mouse1_lib3.final_cell_0022,human1,beta
mouse1_lib3.final_cell_0023,human1,beta
mouse1_lib3.final_cell_0024,human1,delta
mouse1_lib3.final_cell_0025,human1,ductal
mouse1_lib3.final_cell_0026,human1,delta
mouse1_lib3.final_cell_0027,human1,quiescent_stellate
mouse1_lib3.final_cell_0028,human1,ductal
mouse1_lib3.final_cell_0029,human1,ductal
mouse1_lib3.final_cell_0030,human1,endothelial
mouse1_lib3.final_cell_0031,human1,ductal
mouse1_lib3.final_cell_0032,human1,beta
mouse1_lib3.final_cell_0033,human1,ductal
mouse1_lib3.final_cell_0034,human1,ductal
mouse1_lib3.final_cell_0035,human1,ductal
mouse1_lib3.final_cell_0036,human1,ductal
mouse1_lib3.final_cell_0037,human1,ductal
mouse1_lib3.final_cell_0038,human1,delta
mouse1_lib3.final_cell_0039,human1,beta
mouse1_lib3.final_cell_0040,human1,beta
mouse1_lib3.final_cell_0041,human1,ductal
mouse1_lib3.final_cell_0042,human1,endothelial
mouse1_lib3.final_cell_0043,human1,endothelial
mouse1_lib3.final_cell_0044,human1,delta
mouse1_lib3.final_cell_0045,human1,delta
mouse1_lib3.final_cell_0046,human1,ductal
mouse1_lib3.final_cell_0047,human1,beta
mouse1_lib3.final_cell_0048,human1,beta
mouse1_lib3.final_cell_0049,human1,beta
mouse1_lib3.final_cell_0050,human1,delta
mouse1_lib3.final_cell_0051,human1,beta
mouse1_lib3.final_cell_0052,human1,beta
mouse1_lib3.final_cell_0053,human1,beta
mouse1_lib3.final_cell_0054,human1,endothelial
mouse1_lib3.final_cell_0055,human1,endothelial
mouse1_lib3.final_cell_0056,human1,ductal
mouse1_lib3.final_cell_0057,human1,quiescent_stellate
mouse1_lib3.final_cell_0058,human1,beta
mouse1_lib3.final_cell_0059,human1,beta
mouse1_lib3.final_cell_0060,human1,beta
mouse1_lib3.final_cell_0061,human1,beta
mouse1_lib3.final_cell_0062,human1,beta
mouse1_lib3.final_cell_0063,human1,ductal
mouse1_lib3.final_cell_0064,human1,ductal
mouse1_lib3.final_cell_0065,human1,beta
mouse1_lib3.final_cell_0066,human1,beta
mouse1_lib3.final_cell_0067,human1,ductal
mouse1_lib3.final_cell_0068,human1,beta
mouse1_lib3.final_cell_0069,human1,beta
mouse1_lib3.final_cell_0070,human1,ductal
mouse1_lib3.final_cell_0071,human1,ductal
mouse1_lib3.final_cell_0072,human1,ductal
mouse1_lib3.final_cell_0073,human1,ductal
mouse1_lib3.final_cell_0074,human1,beta
mouse1_lib3.final_cell_0075,human1,beta
mouse1_lib3.final_cell_0076,human1,ductal
mouse1_lib3.final_cell_0077,human1,beta
mouse1_lib3.final_cell_0078,human1,activated_stellate
mouse1_lib3.final_cell_0079,human1,immune_other
mouse1_lib3.final_cell_0080,human1,beta
mouse1_lib3.final_cell_0081,human1,beta
mouse1_lib3.final_cell_0082,human1,ductal
mouse1_lib3.final_cell_0083,human1,beta
mouse1_lib3.final_cell_0084,human1,beta
mouse1_lib3.final_cell_0085,human1,quiescent_stellate
mouse1_lib3.final_cell_0086,human1,ductal
mouse1_lib3.final_cell_0087,human1,ductal
mouse1_lib3.final_cell_0088,human1,delta
mouse1_lib3.final_cell_0089,human1,ductal
mouse1_lib3.final_cell_0090,human1,ductal
mouse1_lib3.final_cell_0091,human1,ductal
mouse1_lib3.final_cell_0092,human1,beta
mouse1_lib3.final_cell_0093,human1,beta
mouse1_lib3.final_cell_0094,human1,beta
mouse1_lib3.final_cell_0095,human1,quiescent_stellate
mouse1_lib3.final_cell_0096,human1,endothelial
mouse1_lib3.final_cell_0097,human1,macrophage
mouse1_lib3.final_cell_0098,human1,beta
mouse1_lib3.final_cell_0099,human1,ductal
mouse1_lib3.final_cell_0100,human1,beta
mouse1_lib3.final_cell_0101,human1,endothelial
mouse1_lib3.final_cell_0102,human1,beta
mouse1_lib3.final_cell_0103,human1,gamma
mouse1_lib3.final_cell_0104,human1,endothelial
mouse1_lib3.final_cell_0105,human1,beta
mouse1_lib3.final_cell_0106,human1,beta
mouse1_lib3.final_cell_0107,human1,beta
mouse1_lib3.final_cell_0108,human1,beta
mouse1_lib3.final_cell_0109,human1,T_cell
mouse1_lib3.final_cell_0110,human1,beta
mouse1_lib3.final_cell_0111,human1,beta
mouse1_lib3.final_cell_0112,human1,beta
mouse1_lib3.final_cell_0113,human1,beta
mouse1_lib3.final_cell_0114,human1,delta
mouse1_lib3.final_cell_0115,human1,beta
mouse1_lib3.final_cell_0116,human1,endothelial
mouse1_lib3.final_cell_0117,human1,beta
mouse1_lib3.final_cell_0118,human1,beta
mouse1_lib3.final_cell_0119,human1,ductal
mouse1_lib3.final_cell_0120,human1,delta
mouse1_lib3.final_cell_0121,human1,delta
mouse1_lib3.final_cell_0122,human1,beta
mouse1_lib3.final_cell_0123,human1,delta
mouse1_lib3.final_cell_0124,human1,beta
mouse1_lib3.final_cell_0125,human1,endothelial
mouse1_lib3.final_cell_0126,human1,delta
mouse1_lib3.final_cell_0127,human1,ductal
mouse1_lib3.final_cell_0128,human1,endothelial
mouse1_lib3.final_cell_0129,human1,beta
mouse1_lib3.final_cell_0130,human1,beta
mouse1_lib3.final_cell_0131,human1,beta
mouse1_lib3.final_cell_0132,human1,beta
mouse1_lib3.final_cell_0133,human1,delta
mouse1_lib3.final_cell_0134,human1,ductal
mouse1_lib3.final_cell_0135,human1,beta
mouse1_lib3.final_cell_0136,human1,delta
mouse1_lib3.final_cell_0137,human1,beta
mouse1_lib3.final_cell_0138,human1,beta
mouse1_lib3.final_cell_0139,human1,beta
mouse1_lib3.final_cell_0140,human1,beta
mouse1_lib3.final_cell_0141,human1,beta
mouse1_lib3.final_cell_0142,human1,beta
mouse1_lib3.final_cell_0143,human1,beta
mouse1_lib3.final_cell_0144,human1,delta
mouse1_lib3.final_cell_0145,human1,ductal
mouse1_lib3.final_cell_0146,human1,beta
mouse1_lib3.final_cell_0147,human1,beta
mouse1_lib3.final_cell_0148,human1,quiescent_stellate
mouse1_lib3.final_cell_0149,human1,ductal
mouse1_lib3.final_cell_0150,human1,delta
mouse1_lib3.final_cell_0151,human1,beta
mouse1_lib3.final_cell_0152,human1,beta
mouse1_lib3.final_cell_0153,human1,beta
mouse1_lib3.final_cell_0154,human1,ductal
mouse1_lib3.final_cell_0155,human1,beta
mouse1_lib3.final_cell_0156,human1,ductal
mouse1_lib3.final_cell_0157,human1,ductal
mouse1_lib3.final_cell_0158,human1,ductal
mouse1_lib3.final_cell_0159,human1,beta
mouse1_lib3.final_cell_0160,human1,beta
mouse1_lib3.final_cell_0161,human1,ductal
mouse1_lib3.final_cell_0162,human1,delta
mouse1_lib3.final_cell_0163,human1,endothelial
mouse1_lib3.final_cell_0164,human1,ductal
mouse1_lib3.final_cell_0165,human1,beta
mouse1_lib3.final_cell_0166,human1,ductal
mouse1_lib3.final_cell_0167,human1,ductal
mouse1_lib3.final_cell_0168,human1,delta
mouse1_lib3.final_cell_0169,human1,quiescent_stellate
mouse1_lib3.final_cell_0170,human1,endothelial
mouse1_lib3.final_cell_0171,human1,beta
mouse1_lib3.final_cell_0172,human1,beta
mouse1_lib3.final_cell_0173,human1,delta
mouse1_lib3.final_cell_0174,human1,ductal
mouse1_lib3.final_cell_0175,human1,ductal
mouse1_lib3.final_cell_0176,human1,beta
mouse1_lib3.final_cell_0177,human1,delta
mouse1_lib3.final_cell_0178,human1,beta
mouse1_lib3.final_cell_0179,human1,ductal
mouse1_lib3.final_cell_0180,human1,ductal
mouse1_lib3.final_cell_0181,human1,beta
mouse1_lib3.final_cell_0182,human1,beta
mouse1_lib3.final_cell_0183,human1,beta
mouse1_lib3.final_cell_0184,human1,endothelial
mouse1_lib3.final_cell_0185,human1,ductal
mouse1_lib3.final_cell_0186,human1,beta
mouse1_lib3.final_cell_0187,human1,macrophage
mouse1_lib3.final_cell_0188,human1,beta
mouse1_lib3.final_cell_0189,human1,beta
mouse1_lib3.final_cell_0190,human1,ductal
mouse1_lib3.final_cell_0191,human1,beta
mouse1_lib3.final_cell_0192,human1,beta
mouse1_lib3.final_cell_0193,human1,beta
mouse1_lib3.final_cell_0194,human1,beta
mouse1_lib3.final_cell_0195,human1,beta
mouse1_lib3.final_cell_0196,human1,beta
mouse1_lib3.final_cell_0197,human1,ductal
mouse1_lib3.final_cell_0198,human1,beta
mouse1_lib3.final_cell_0199,human1,beta
mouse1_lib3.final_cell_0200,human1,immune_other
mouse1_lib3.final_cell_0201,human1,beta
mouse1_lib3.final_cell_0202,human1,macrophage
mouse1_lib3.final_cell_0203,human1,quiescent_stellate
mouse1_lib3.final_cell_0204,human1,ductal
mouse1_lib3.final_cell_0205,human1,beta
mouse1_lib3.final_cell_0206,human1,beta
mouse1_lib3.final_cell_0207,human1,ductal
mouse1_lib3.final_cell_0208,human1,delta
mouse1_lib3.final_cell_0209,human1,ductal
mouse1_lib3.final_cell_0210,human1,beta
mouse1_lib3.final_cell_0211,human1,beta
mouse1_lib3.final_cell_0212,human1,beta
mouse1_lib3.final_cell_0213,human1,beta
mouse1_lib3.final_cell_0214,human1,ductal
mouse1_lib3.final_cell_0215,human1,ductal
mouse1_lib3.final_cell_0216,human1,activated_stellate
mouse1_lib3.final_cell_0217,human1,ductal
mouse1_lib3.final_cell_0218,human1,ductal
mouse1_lib3.final_cell_0219,human1,beta
mouse1_lib3.final_cell_0220,human1,B_cell
mouse1_lib3.final_cell_0221,human1,ductal
mouse1_lib3.final_cell_0222,human1,macrophage
mouse1_lib3.final_cell_0223,human1,delta
mouse1_lib3.final_cell_0224,human1,beta
mouse1_lib3.final_cell_0225,human1,macrophage
mouse1_lib3.final_cell_0226,human1,beta
mouse1_lib3.final_cell_0227,human1,beta
mouse1_lib3.final_cell_0228,human1,ductal
mouse1_lib3.final_cell_0229,human1,ductal
mouse1_lib3.final_cell_0230,human1,T_cell
mouse1_lib3.final_cell_0231,human1,ductal
mouse1_lib3.final_cell_0232,human1,ductal
mouse1_lib3.final_cell_0233,human1,beta
mouse1_lib3.final_cell_0234,human1,ductal
mouse1_lib3.final_cell_0235,human1,ductal
mouse1_lib3.final_cell_0236,human1,ductal
mouse1_lib3.final_cell_0237,human1,ductal
mouse1_lib3.final_cell_0238,human1,beta
mouse1_lib3.final_cell_0239,human1,ductal
mouse1_lib3.final_cell_0240,human1,ductal
mouse1_lib3.final_cell_0241,human1,ductal
mouse1_lib3.final_cell_0242,human1,beta
mouse1_lib3.final_cell_0243,human1,ductal
mouse1_lib3.final_cell_0244,human1,ductal
mouse1_lib3.final_cell_0245,human1,delta
mouse1_lib3.final_cell_0246,human1,delta
mouse1_lib3.final_cell_0247,human1,ductal
mouse1_lib3.final_cell_0248,human1,endothelial
mouse1_lib3.final_cell_0249,human1,ductal
mouse1_lib3.final_cell_0250,human1,T_cell
mouse1_lib3.final_cell_0251,human1,ductal
mouse1_lib3.final_cell_0252,human1,ductal
mouse1_lib3.final_cell_0253,human1,endothelial
mouse1_lib3.final_cell_0254,human1,ductal
mouse2_lib1.final_cell_0001,human2,beta
mouse2_lib1.final_cell_0002,human2,beta
mouse2_lib1.final_cell_0003,human2,beta
mouse2_lib1.final_cell_0004,human2,ductal
mouse2_lib1.final_cell_0005,human2,beta
mouse2_lib1.final_cell_0006,human2,beta
mouse2_lib1.final_cell_0007,human2,beta
mouse2_lib1.final_cell_0008,human2,beta
mouse2_lib1.final_cell_0009,human2,delta
mouse2_lib1.final_cell_0010,human2,beta
mouse2_lib1.final_cell_0011,human2,beta
mouse2_lib1.final_cell_0012,human2,beta
mouse2_lib1.final_cell_0013,human2,alpha
mouse2_lib1.final_cell_0014,human2,delta
mouse2_lib1.final_cell_0015,human2,beta
mouse2_lib1.final_cell_0016,human2,beta
mouse2_lib1.final_cell_0017,human2,beta
mouse2_lib1.final_cell_0018,human2,beta
mouse2_lib1.final_cell_0019,human2,beta
mouse2_lib1.final_cell_0020,human2,beta
mouse2_lib1.final_cell_0021,human2,beta
mouse2_lib1.final_cell_0022,human2,beta
mouse2_lib1.final_cell_0023,human2,beta
mouse2_lib1.final_cell_0024,human2,alpha
mouse2_lib1.final_cell_0025,human2,beta
mouse2_lib1.final_cell_0026,human2,beta
mouse2_lib1.final_cell_0027,human2,beta
mouse2_lib1.final_cell_0028,human2,beta
mouse2_lib1.final_cell_0029,human2,beta
mouse2_lib1.final_cell_0030,human2,ductal
mouse2_lib1.final_cell_0031,human2,beta
mouse2_lib1.final_cell_0032,human2,beta
mouse2_lib1.final_cell_0033,human2,delta
mouse2_lib1.final_cell_0034,human2,delta
mouse2_lib1.final_cell_0035,human2,alpha
mouse2_lib1.final_cell_0036,human2,beta
mouse2_lib1.final_cell_0037,human2,alpha
mouse2_lib1.final_cell_0038,human2,beta
mouse2_lib1.final_cell_0039,human2,gamma
mouse2_lib1.final_cell_0040,human2,delta
mouse2_lib1.final_cell_0041,human2,beta
mouse2_lib1.final_cell_0042,human2,delta
mouse2_lib1.final_cell_0043,human2,beta
mouse2_lib1.final_cell_0044,human2,delta
mouse2_lib1.final_cell_0045,human2,delta
mouse2_lib1.final_cell_0046,human2,beta
mouse2_lib1.final_cell_0047,human2,beta
mouse2_lib1.final_cell_0048,human2,alpha
mouse2_lib1.final_cell_0049,human2,beta
mouse2_lib1.final_cell_0050,human2,beta
mouse2_lib1.final_cell_0051,human2,beta
mouse2_lib1.final_cell_0052,human2,beta
mouse2_lib1.final_cell_0053,human2,alpha
mouse2_lib1.final_cell_0054,human2,beta
mouse2_lib1.final_cell_0055,human2,beta
mouse2_lib1.final_cell_0056,human2,alpha
mouse2_lib1.final_cell_0057,human2,beta
mouse2_lib1.final_cell_0058,human2,beta
mouse2_lib1.final_cell_0059,human2,delta
mouse2_lib1.final_cell_0060,human2,delta
mouse2_lib1.final_cell_0061,human2,beta
mouse2_lib1.final_cell_0062,human2,alpha
mouse2_lib1.final_cell_0063,human2,ductal
mouse2_lib1.final_cell_0064,human2,delta
mouse2_lib1.final_cell_0065,human2,beta
mouse2_lib1.final_cell_0066,human2,beta
mouse2_lib1.final_cell_0067,human2,alpha
mouse2_lib1.final_cell_0068,human2,alpha
mouse2_lib1.final_cell_0069,human2,beta
mouse2_lib1.final_cell_0070,human2,alpha
mouse2_lib1.final_cell_0071,human2,alpha
mouse2_lib1.final_cell_0072,human2,alpha
mouse2_lib1.final_cell_0073,human2,beta
mouse2_lib1.final_cell_0074,human2,beta
mouse2_lib1.final_cell_0075,human2,beta
mouse2_lib1.final_cell_0076,human2,alpha
mouse2_lib1.final_cell_0077,human2,beta
mouse2_lib1.final_cell_0078,human2,endothelial
mouse2_lib1.final_cell_0079,human2,beta
mouse2_lib1.final_cell_0080,human2,beta
mouse2_lib1.final_cell_0081,human2,beta
mouse2_lib1.final_cell_0082,human2,delta
mouse2_lib1.final_cell_0083,human2,B_cell
mouse2_lib1.final_cell_0084,human2,alpha
mouse2_lib1.final_cell_0085,human2,alpha
mouse2_lib1.final_cell_0086,human2,ductal
mouse2_lib1.final_cell_0087,human2,beta
mouse2_lib1.final_cell_0088,human2,beta
mouse2_lib1.final_cell_0089,human2,beta
mouse2_lib1.final_cell_0090,human2,beta
mouse2_lib1.final_cell_0091,human2,delta
mouse2_lib1.final_cell_0092,human2,alpha
mouse2_lib1.final_cell_0093,human2,beta
mouse2_lib1.final_cell_0094,human2,beta
mouse2_lib1.final_cell_0095,human2,beta
mouse2_lib1.final_cell_0096,human2,beta
mouse2_lib1.final_cell_0097,human2,delta
mouse2_lib1.final_cell_0098,human2,delta
mouse2_lib1.final_cell_0099,human2,delta
mouse2_lib1.final_cell_0100,human2,delta
mouse2_lib1.final_cell_0101,human2,beta
mouse2_lib1.final_cell_0102,human2,beta
mouse2_lib1.final_cell_0103,human2,beta
mouse2_lib1.final_cell_0104,human2,delta
mouse2_lib1.final_cell_0105,human2,beta
mouse2_lib1.final_cell_0106,human2,beta
mouse2_lib1.final_cell_0107,human2,alpha
mouse2_lib1.final_cell_0108,human2,beta
mouse2_lib1.final_cell_0109,human2,delta
mouse2_lib1.final_cell_0110,human2,gamma
mouse2_lib1.final_cell_0111,human2,beta
mouse2_lib1.final_cell_0112,human2,delta
mouse2_lib1.final_cell_0113,human2,beta
mouse2_lib1.final_cell_0114,human2,beta
mouse2_lib1.final_cell_0115,human2,beta
mouse2_lib1.final_cell_0116,human2,delta
mouse2_lib1.final_cell_0117,human2,beta
mouse2_lib1.final_cell_0118,human2,gamma
mouse2_lib1.final_cell_0119,human2,gamma
mouse2_lib1.final_cell_0120,human2,ductal
mouse2_lib1.final_cell_0121,human2,beta
mouse2_lib1.final_cell_0122,human2,beta
mouse2_lib1.final_cell_0123,human2,beta
mouse2_lib1.final_cell_0124,human2,beta
mouse2_lib1.final_cell_0125,human2,beta
mouse2_lib1.final_cell_0126,human2,beta
mouse2_lib1.final_cell_0127,human2,alpha
mouse2_lib1.final_cell_0128,human2,alpha
mouse2_lib1.final_cell_0129,human2,endothelial
mouse2_lib1.final_cell_0130,human2,beta
mouse2_lib1.final_cell_0131,human2,beta
mouse2_lib1.final_cell_0132,human2,beta
mouse2_lib1.final_cell_0133,human2,beta
mouse2_lib1.final_cell_0134,human2,beta
mouse2_lib1.final_cell_0135,human2,beta
mouse2_lib1.final_cell_0136,human2,beta
mouse2_lib1.final_cell_0137,human2,beta
mouse2_lib1.final_cell_0138,human2,alpha
mouse2_lib1.final_cell_0139,human2,beta
mouse2_lib1.final_cell_0140,human2,beta
mouse2_lib1.final_cell_0141,human2,ductal
mouse2_lib1.final_cell_0142,human2,ductal
mouse2_lib1.final_cell_0143,human2,beta
mouse2_lib1.final_cell_0144,human2,gamma
mouse2_lib1.final_cell_0145,human2,delta
mouse2_lib1.final_cell_0146,human2,gamma
mouse2_lib1.final_cell_0147,human2,beta
mouse2_lib1.final_cell_0148,human2,alpha
mouse2_lib1.final_cell_0149,human2,alpha
mouse2_lib1.final_cell_0150,human2,beta
mouse2_lib1.final_cell_0151,human2,beta
mouse2_lib1.final_cell_0152,human2,ductal
mouse2_lib1.final_cell_0153,human2,alpha
mouse2_lib1.final_cell_0154,human2,beta
mouse2_lib1.final_cell_0155,human2,beta
mouse2_lib1.final_cell_0156,human2,alpha
mouse2_lib1.final_cell_0157,human2,alpha
mouse2_lib1.final_cell_0158,human2,alpha
mouse2_lib1.final_cell_0159,human2,beta
mouse2_lib1.final_cell_0160,human2,beta
mouse2_lib1.final_cell_0161,human2,beta
mouse2_lib1.final_cell_0162,human2,gamma
mouse2_lib1.final_cell_0163,human2,delta
mouse2_lib1.final_cell_0164,human2,beta
mouse2_lib1.final_cell_0165,human2,alpha
mouse2_lib1.final_cell_0166,human2,beta
mouse2_lib1.final_cell_0167,human2,delta
mouse2_lib1.final_cell_0168,human2,beta
mouse2_lib1.final_cell_0169,human2,delta
mouse2_lib1.final_cell_0170,human2,beta
mouse2_lib1.final_cell_0171,human2,alpha
mouse2_lib1.final_cell_0172,human2,beta
mouse2_lib1.final_cell_0173,human2,delta
mouse2_lib1.final_cell_0174,human2,beta
mouse2_lib1.final_cell_0175,human2,alpha
mouse2_lib1.final_cell_0176,human2,beta
mouse2_lib1.final_cell_0177,human2,beta
mouse2_lib1.final_cell_0178,human2,alpha
mouse2_lib1.final_cell_0179,human2,beta
mouse2_lib1.final_cell_0180,human2,beta
mouse2_lib1.final_cell_0181,human2,alpha
mouse2_lib1.final_cell_0182,human2,alpha
mouse2_lib1.final_cell_0183,human2,beta
mouse2_lib1.final_cell_0184,human2,alpha
mouse2_lib1.final_cell_0185,human2,beta
mouse2_lib1.final_cell_0186,human2,alpha
mouse2_lib1.final_cell_0187,human2,alpha
mouse2_lib1.final_cell_0188,human2,beta
mouse2_lib1.final_cell_0189,human2,alpha
mouse2_lib1.final_cell_0190,human2,beta
mouse2_lib1.final_cell_0191,human2,beta
mouse2_lib1.final_cell_0192,human2,beta
mouse2_lib1.final_cell_0193,human2,beta
mouse2_lib1.final_cell_0194,human2,alpha
mouse2_lib1.final_cell_0195,human2,beta
mouse2_lib1.final_cell_0196,human2,alpha
mouse2_lib1.final_cell_0197,human2,beta
mouse2_lib1.final_cell_0198,human2,macrophage
mouse2_lib1.final_cell_0199,human2,alpha
mouse2_lib1.final_cell_0200,human2,beta
mouse2_lib1.final_cell_0201,human2,beta
mouse2_lib1.final_cell_0202,human2,beta
mouse2_lib1.final_cell_0203,human2,delta
mouse2_lib1.final_cell_0204,human2,gamma
mouse2_lib1.final_cell_0205,human2,macrophage
mouse2_lib1.final_cell_0206,human2,gamma
mouse2_lib1.final_cell_0207,human2,beta
mouse2_lib1.final_cell_0208,human2,macrophage
mouse2_lib1.final_cell_0209,human2,alpha
mouse2_lib1.final_cell_0210,human2,alpha
mouse2_lib1.final_cell_0211,human2,beta
mouse2_lib1.final_cell_0212,human2,beta
mouse2_lib1.final_cell_0213,human2,endothelial
mouse2_lib1.final_cell_0214,human2,beta
mouse2_lib1.final_cell_0215,human2,beta
mouse2_lib1.final_cell_0216,human2,delta
mouse2_lib1.final_cell_0217,human2,gamma
mouse2_lib1.final_cell_0218,human2,beta
mouse2_lib1.final_cell_0219,human2,beta
mouse2_lib1.final_cell_0220,human2,immune_other
mouse2_lib1.final_cell_0221,human2,beta
mouse2_lib1.final_cell_0222,human2,delta
mouse2_lib1.final_cell_0223,human2,beta
mouse2_lib1.final_cell_0224,human2,delta
mouse2_lib1.final_cell_0225,human2,beta
mouse2_lib1.final_cell_0226,human2,beta
mouse2_lib1.final_cell_0227,human2,beta
mouse2_lib1.final_cell_0228,human2,beta
mouse2_lib1.final_cell_0229,human2,alpha
mouse2_lib1.final_cell_0230,human2,alpha
mouse2_lib1.final_cell_0231,human2,gamma
mouse2_lib1.final_cell_0232,human2,macrophage
mouse2_lib1.final_cell_0233,human2,beta
mouse2_lib1.final_cell_0234,human2,beta
mouse2_lib1.final_cell_0235,human2,alpha
mouse2_lib1.final_cell_0236,human2,delta
mouse2_lib1.final_cell_0237,human2,activated_stellate
mouse2_lib1.final_cell_0238,human2,beta
mouse2_lib1.final_cell_0239,human2,beta
mouse2_lib1.final_cell_0240,human2,endothelial
mouse2_lib1.final_cell_0241,human2,beta
mouse2_lib1.final_cell_0242,human2,beta
mouse2_lib1.final_cell_0243,human2,beta
mouse2_lib1.final_cell_0244,human2,beta
mouse2_lib1.final_cell_0245,human2,beta
mouse2_lib1.final_cell_0246,human2,endothelial
mouse2_lib1.final_cell_0247,human2,alpha
mouse2_lib1.final_cell_0248,human2,alpha
mouse2_lib1.final_cell_0249,human2,alpha
mouse2_lib1.final_cell_0250,human2,beta
mouse2_lib1.final_cell_0251,human2,macrophage
mouse2_lib1.final_cell_0252,human2,macrophage
mouse2_lib1.final_cell_0253,human2,beta
mouse2_lib1.final_cell_0254,human2,beta
mouse2_lib1.final_cell_0255,human2,beta
mouse2_lib1.final_cell_0256,human2,delta
mouse2_lib1.final_cell_0257,human2,beta
mouse2_lib1.final_cell_0258,human2,beta
mouse2_lib1.final_cell_0259,human2,delta
mouse2_lib1.final_cell_0260,human2,beta
mouse2_lib1.final_cell_0261,human2,delta
mouse2_lib1.final_cell_0262,human2,delta
mouse2_lib1.final_cell_0263,human2,endothelial
mouse2_lib1.final_cell_0264,human2,delta
mouse2_lib1.final_cell_0265,human2,beta
mouse2_lib1.final_cell_0266,human2,beta
mouse2_lib1.final_cell_0267,human2,ductal
mouse2_lib1.final_cell_0268,human2,ductal
mouse2_lib1.final_cell_0269,human2,alpha
mouse2_lib1.final_cell_0270,human2,endothelial
mouse2_lib1.final_cell_0271,human2,beta
mouse2_lib1.final_cell_0272,human2,alpha
mouse2_lib1.final_cell_0273,human2,alpha
mouse2_lib1.final_cell_0274,human2,endothelial
mouse2_lib1.final_cell_0275,human2,beta
mouse2_lib1.final_cell_0276,human2,beta
mouse2_lib1.final_cell_0277,human2,beta
mouse2_lib1.final_cell_0278,human2,beta
mouse2_lib1.final_cell_0279,human2,beta
mouse2_lib1.final_cell_0280,human2,B_cell
mouse2_lib1.final_cell_0281,human2,beta
mouse2_lib1.final_cell_0282,human2,quiescent_stellate
mouse2_lib1.final_cell_0283,human2,alpha
mouse2_lib1.final_cell_0284,human2,alpha
mouse2_lib1.final_cell_0285,human2,activated_stellate
mouse2_lib1.final_cell_0286,human2,endothelial
mouse2_lib1.final_cell_0287,human2,beta
mouse2_lib1.final_cell_0288,human2,beta
mouse2_lib1.final_cell_0289,human2,gamma
mouse2_lib1.final_cell_0290,human2,endothelial
mouse2_lib1.final_cell_0291,human2,beta
mouse2_lib1.final_cell_0292,human2,activated_stellate
mouse2_lib1.final_cell_0293,human2,alpha
mouse2_lib1.final_cell_0294,human2,quiescent_stellate
mouse2_lib1.final_cell_0295,human2,beta
mouse2_lib1.final_cell_0296,human2,delta
mouse2_lib1.final_cell_0297,human2,beta
mouse2_lib1.final_cell_0298,human2,endothelial
mouse2_lib1.final_cell_0299,human2,beta
mouse2_lib1.final_cell_0300,human2,beta
mouse2_lib1.final_cell_0301,human2,B_cell
mouse2_lib1.final_cell_0302,human2,activated_stellate
mouse2_lib1.final_cell_0303,human2,macrophage
mouse2_lib1.final_cell_0304,human2,alpha
mouse2_lib1.final_cell_0305,human2,endothelial
mouse2_lib1.final_cell_0306,human2,macrophage
mouse2_lib1.final_cell_0307,human2,beta
mouse2_lib1.final_cell_0308,human2,delta
mouse2_lib1.final_cell_0309,human2,beta
mouse2_lib1.final_cell_0310,human2,delta
mouse2_lib1.final_cell_0311,human2,delta
mouse2_lib1.final_cell_0312,human2,beta
mouse2_lib1.final_cell_0313,human2,beta
mouse2_lib1.final_cell_0314,human2,beta
mouse2_lib1.final_cell_0315,human2,delta
mouse2_lib1.final_cell_0316,human2,beta
mouse2_lib1.final_cell_0317,human2,quiescent_stellate
mouse2_lib1.final_cell_0318,human2,B_cell
mouse2_lib1.final_cell_0319,human2,endothelial
mouse2_lib1.final_cell_0320,human2,endothelial
mouse2_lib2.final_cell_0001,human2,beta
mouse2_lib2.final_cell_0002,human2,beta
mouse2_lib2.final_cell_0003,human2,beta
mouse2_lib2.final_cell_0004,human2,delta
mouse2_lib2.final_cell_0005,human2,beta
mouse2_lib2.final_cell_0006,human2,beta
mouse2_lib2.final_cell_0007,human2,ductal
mouse2_lib2.final_cell_0008,human2,beta
mouse2_lib2.final_cell_0009,human2,beta
mouse2_lib2.final_cell_0010,human2,beta
mouse2_lib2.final_cell_0011,human2,beta
mouse2_lib2.final_cell_0012,human2,beta
mouse2_lib2.final_cell_0013,human2,gamma
mouse2_lib2.final_cell_0014,human2,beta
mouse2_lib2.final_cell_0015,human2,alpha
mouse2_lib2.final_cell_0016,human2,beta
mouse2_lib2.final_cell_0017,human2,beta
mouse2_lib2.final_cell_0018,human2,beta
mouse2_lib2.final_cell_0019,human2,beta
mouse2_lib2.final_cell_0020,human2,beta
mouse2_lib2.final_cell_0021,human2,ductal
mouse2_lib2.final_cell_0022,human2,alpha
mouse2_lib2.final_cell_0023,human2,alpha
mouse2_lib2.final_cell_0024,human2,beta
mouse2_lib2.final_cell_0025,human2,alpha
mouse2_lib2.final_cell_0026,human2,delta
mouse2_lib2.final_cell_0027,human2,beta
mouse2_lib2.final_cell_0028,human2,alpha
mouse2_lib2.final_cell_0029,human2,beta
mouse2_lib2.final_cell_0030,human2,delta
mouse2_lib2.final_cell_0031,human2,alpha
mouse2_lib2.final_cell_0032,human2,beta
mouse2_lib2.final_cell_0033,human2,beta
mouse2_lib2.final_cell_0034,human2,alpha
mouse2_lib2.final_cell_0035,human2,delta
mouse2_lib2.final_cell_0036,human2,alpha
mouse2_lib2.final_cell_0037,human2,beta
mouse2_lib2.final_cell_0038,human2,beta
mouse2_lib2.final_cell_0039,human2,beta
mouse2_lib2.final_cell_0040,human2,gamma
mouse2_lib2.final_cell_0041,human2,gamma
mouse2_lib2.final_cell_0042,human2,beta
mouse2_lib2.final_cell_0043,human2,beta
mouse2_lib2.final_cell_0044,human2,beta
mouse2_lib2.final_cell_0045,human2,beta
mouse2_lib2.final_cell_0046,human2,delta
mouse2_lib2.final_cell_0047,human2,beta
mouse2_lib2.final_cell_0048,human2,alpha
mouse2_lib2.final_cell_0049,human2,beta
mouse2_lib2.final_cell_0050,human2,alpha
mouse2_lib2.final_cell_0051,human2,alpha
mouse2_lib2.final_cell_0052,human2,alpha
mouse2_lib2.final_cell_0053,human2,beta
mouse2_lib2.final_cell_0054,human2,delta
mouse2_lib2.final_cell_0055,human2,delta
mouse2_lib2.final_cell_0056,human2,beta
mouse2_lib2.final_cell_0057,human2,beta
mouse2_lib2.final_cell_0058,human2,beta
mouse2_lib2.final_cell_0059,human2,beta
mouse2_lib2.final_cell_0060,human2,beta
mouse2_lib2.final_cell_0061,human2,beta
mouse2_lib2.final_cell_0062,human2,delta
mouse2_lib2.final_cell_0063,human2,beta
mouse2_lib2.final_cell_0064,human2,beta
mouse2_lib2.final_cell_0065,human2,beta
mouse2_lib2.final_cell_0066,human2,beta
mouse2_lib2.final_cell_0067,human2,alpha
mouse2_lib2.final_cell_0068,human2,delta
mouse2_lib2.final_cell_0069,human2,beta
mouse2_lib2.final_cell_0070,human2,delta
mouse2_lib2.final_cell_0071,human2,beta
mouse2_lib2.final_cell_0072,human2,beta
mouse2_lib2.final_cell_0073,human2,beta
mouse2_lib2.final_cell_0074,human2,beta
mouse2_lib2.final_cell_0075,human2,beta
mouse2_lib2.final_cell_0076,human2,delta
mouse2_lib2.final_cell_0077,human2,beta
mouse2_lib2.final_cell_0078,human2,beta
mouse2_lib2.final_cell_0079,human2,delta
mouse2_lib2.final_cell_0080,human2,schwann
mouse2_lib2.final_cell_0081,human2,delta
mouse2_lib2.final_cell_0082,human2,alpha
mouse2_lib2.final_cell_0083,human2,delta
mouse2_lib2.final_cell_0084,human2,beta
mouse2_lib2.final_cell_0085,human2,delta
mouse2_lib2.final_cell_0086,human2,delta
mouse2_lib2.final_cell_0087,human2,beta
mouse2_lib2.final_cell_0088,human2,delta
mouse2_lib2.final_cell_0089,human2,delta
mouse2_lib2.final_cell_0090,human2,beta
mouse2_lib2.final_cell_0091,human2,alpha
mouse2_lib2.final_cell_0092,human2,beta
mouse2_lib2.final_cell_0093,human2,alpha
mouse2_lib2.final_cell_0094,human2,alpha
mouse2_lib2.final_cell_0095,human2,beta
mouse2_lib2.final_cell_0096,human2,alpha
mouse2_lib2.final_cell_0097,human2,beta
mouse2_lib2.final_cell_0098,human2,gamma
mouse2_lib2.final_cell_0099,human2,beta
mouse2_lib2.final_cell_0100,human2,beta
mouse2_lib2.final_cell_0101,human2,beta
mouse2_lib2.final_cell_0102,human2,delta
mouse2_lib2.final_cell_0103,human2,beta
mouse2_lib2.final_cell_0104,human2,beta
mouse2_lib2.final_cell_0105,human2,beta
mouse2_lib2.final_cell_0106,human2,beta
mouse2_lib2.final_cell_0107,human2,beta
mouse2_lib2.final_cell_0108,human2,ductal
mouse2_lib2.final_cell_0109,human2,beta
mouse2_lib2.final_cell_0110,human2,beta
mouse2_lib2.final_cell_0111,human2,delta
mouse2_lib2.final_cell_0112,human2,alpha
mouse2_lib2.final_cell_0113,human2,alpha
mouse2_lib2.final_cell_0114,human2,beta
mouse2_lib2.final_cell_0115,human2,endothelial
mouse2_lib2.final_cell_0116,human2,alpha
mouse2_lib2.final_cell_0117,human2,delta
mouse2_lib2.final_cell_0118,human2,beta
mouse2_lib2.final_cell_0119,human2,beta
mouse2_lib2.final_cell_0120,human2,beta
mouse2_lib2.final_cell_0121,human2,beta
mouse2_lib2.final_cell_0122,human2,delta
mouse2_lib2.final_cell_0123,human2,beta
mouse2_lib2.final_cell_0124,human2,alpha
mouse2_lib2.final_cell_0125,human2,beta
mouse2_lib2.final_cell_0126,human2,beta
mouse2_lib2.final_cell_0127,human2,beta
mouse2_lib2.final_cell_0128,human2,beta
mouse2_lib2.final_cell_0129,human2,beta
mouse2_lib2.final_cell_0130,human2,alpha
mouse2_lib2.final_cell_0131,human2,gamma
mouse2_lib2.final_cell_0132,human2,beta
mouse2_lib2.final_cell_0133,human2,beta
mouse2_lib2.final_cell_0134,human2,beta
mouse2_lib2.final_cell_0135,human2,alpha
mouse2_lib2.final_cell_0136,human2,beta
mouse2_lib2.final_cell_0137,human2,beta
mouse2_lib2.final_cell_0138,human2,delta
mouse2_lib2.final_cell_0139,human2,beta
mouse2_lib2.final_cell_0140,human2,macrophage
mouse2_lib2.final_cell_0141,human2,beta
mouse2_lib2.final_cell_0142,human2,alpha
mouse2_lib2.final_cell_0143,human2,alpha
mouse2_lib2.final_cell_0144,human2,beta
mouse2_lib2.final_cell_0145,human2,delta
mouse2_lib2.final_cell_0146,human2,beta
mouse2_lib2.final_cell_0147,human2,endothelial
mouse2_lib2.final_cell_0148,human2,endothelial
mouse2_lib2.final_cell_0149,human2,beta
mouse2_lib2.final_cell_0150,human2,alpha
mouse2_lib2.final_cell_0151,human2,beta
mouse2_lib2.final_cell_0152,human2,beta
mouse2_lib2.final_cell_0153,human2,beta
mouse2_lib2.final_cell_0154,human2,beta
mouse2_lib2.final_cell_0155,human2,beta
mouse2_lib2.final_cell_0156,human2,beta
mouse2_lib2.final_cell_0157,human2,beta
mouse2_lib2.final_cell_0158,human2,beta
mouse2_lib2.final_cell_0159,human2,alpha
mouse2_lib2.final_cell_0160,human2,beta
mouse2_lib2.final_cell_0161,human2,beta
mouse2_lib2.final_cell_0162,human2,alpha
mouse2_lib2.final_cell_0163,human2,delta
mouse2_lib2.final_cell_0164,human2,beta
mouse2_lib2.final_cell_0165,human2,delta
mouse2_lib2.final_cell_0166,human2,beta
mouse2_lib2.final_cell_0167,human2,endothelial
mouse2_lib2.final_cell_0168,human2,beta
mouse2_lib2.final_cell_0169,human2,gamma
mouse2_lib2.final_cell_0170,human2,beta
mouse2_lib2.final_cell_0171,human2,delta
mouse2_lib2.final_cell_0172,human2,beta
mouse2_lib2.final_cell_0173,human2,beta
mouse2_lib2.final_cell_0174,human2,delta
mouse2_lib2.final_cell_0175,human2,alpha
mouse2_lib2.final_cell_0176,human2,beta
mouse2_lib2.final_cell_0177,human2,delta
mouse2_lib2.final_cell_0178,human2,beta
mouse2_lib2.final_cell_0179,human2,beta
mouse2_lib2.final_cell_0180,human2,alpha
mouse2_lib2.final_cell_0181,human2,beta
mouse2_lib2.final_cell_0182,human2,beta
mouse2_lib2.final_cell_0183,human2,beta
mouse2_lib2.final_cell_0184,human2,alpha
mouse2_lib2.final_cell_0185,human2,delta
mouse2_lib2.final_cell_0186,human2,endothelial
mouse2_lib2.final_cell_0187,human2,beta
mouse2_lib2.final_cell_0188,human2,ductal
mouse2_lib2.final_cell_0189,human2,beta
mouse2_lib2.final_cell_0190,human2,beta
mouse2_lib2.final_cell_0191,human2,delta
mouse2_lib2.final_cell_0192,human2,alpha
mouse2_lib2.final_cell_0193,human2,beta
mouse2_lib2.final_cell_0194,human2,beta
mouse2_lib2.final_cell_0195,human2,alpha
mouse2_lib2.final_cell_0196,human2,endothelial
mouse2_lib2.final_cell_0197,human2,beta
mouse2_lib2.final_cell_0198,human2,beta
mouse2_lib2.final_cell_0199,human2,endothelial
mouse2_lib2.final_cell_0200,human2,beta
mouse2_lib2.final_cell_0201,human2,beta
mouse2_lib2.final_cell_0202,human2,alpha
mouse2_lib2.final_cell_0203,human2,alpha
mouse2_lib2.final_cell_0204,human2,activated_stellate
mouse2_lib2.final_cell_0205,human2,delta
mouse2_lib2.final_cell_0206,human2,alpha
mouse2_lib2.final_cell_0207,human2,beta
mouse2_lib2.final_cell_0208,human2,ductal
mouse2_lib2.final_cell_0209,human2,beta
mouse2_lib2.final_cell_0210,human2,beta
mouse2_lib2.final_cell_0211,human2,beta
mouse2_lib2.final_cell_0212,human2,endothelial
mouse2_lib2.final_cell_0213,human2,endothelial
mouse2_lib2.final_cell_0214,human2,beta
mouse2_lib2.final_cell_0215,human2,gamma
mouse2_lib2.final_cell_0216,human2,beta
mouse2_lib2.final_cell_0217,human2,quiescent_stellate
mouse2_lib2.final_cell_0218,human2,beta
mouse2_lib2.final_cell_0219,human2,gamma
mouse2_lib2.final_cell_0220,human2,alpha
mouse2_lib2.final_cell_0221,human2,beta
mouse2_lib2.final_cell_0222,human2,delta
mouse2_lib2.final_cell_0223,human2,ductal
mouse2_lib2.final_cell_0224,human2,beta
mouse2_lib2.final_cell_0225,human2,beta
mouse2_lib2.final_cell_0226,human2,alpha
mouse2_lib2.final_cell_0227,human2,beta
mouse2_lib2.final_cell_0228,human2,alpha
mouse2_lib2.final_cell_0229,human2,alpha
mouse2_lib2.final_cell_0230,human2,beta
mouse2_lib2.final_cell_0231,human2,beta
mouse2_lib2.final_cell_0232,human2,macrophage
mouse2_lib2.final_cell_0233,human2,beta
mouse2_lib2.final_cell_0234,human2,beta
mouse2_lib2.final_cell_0235,human2,ductal
mouse2_lib2.final_cell_0236,human2,alpha
mouse2_lib2.final_cell_0237,human2,macrophage
mouse2_lib2.final_cell_0238,human2,delta
mouse2_lib2.final_cell_0239,human2,endothelial
mouse2_lib2.final_cell_0240,human2,alpha
mouse2_lib2.final_cell_0241,human2,alpha
mouse2_lib2.final_cell_0242,human2,delta
mouse2_lib2.final_cell_0243,human2,alpha
mouse2_lib2.final_cell_0244,human2,alpha
mouse2_lib2.final_cell_0245,human2,beta
mouse2_lib2.final_cell_0246,human2,delta
mouse2_lib2.final_cell_0247,human2,endothelial
mouse2_lib2.final_cell_0248,human2,beta
mouse2_lib2.final_cell_0249,human2,activated_stellate
mouse2_lib2.final_cell_0250,human2,beta
mouse2_lib2.final_cell_0251,human2,endothelial
mouse2_lib2.final_cell_0252,human2,activated_stellate
mouse2_lib2.final_cell_0253,human2,beta
mouse2_lib2.final_cell_0254,human2,beta
mouse2_lib2.final_cell_0255,human2,alpha
mouse2_lib2.final_cell_0256,human2,delta
mouse2_lib2.final_cell_0257,human2,alpha
mouse2_lib2.final_cell_0258,human2,beta
mouse2_lib2.final_cell_0259,human2,beta
mouse2_lib2.final_cell_0260,human2,alpha
mouse2_lib2.final_cell_0261,human2,delta
mouse2_lib2.final_cell_0262,human2,beta
mouse2_lib2.final_cell_0263,human2,ductal
mouse2_lib2.final_cell_0264,human2,macrophage
mouse2_lib2.final_cell_0265,human2,beta
mouse2_lib2.final_cell_0266,human2,beta
mouse2_lib2.final_cell_0267,human2,B_cell
mouse2_lib2.final_cell_0268,human2,beta
mouse2_lib2.final_cell_0269,human2,endothelial
mouse2_lib2.final_cell_0270,human2,endothelial
mouse2_lib2.final_cell_0271,human2,endothelial
mouse2_lib2.final_cell_0272,human2,alpha
mouse2_lib2.final_cell_0273,human2,beta
mouse2_lib2.final_cell_0274,human2,beta
mouse2_lib2.final_cell_0275,human2,delta
mouse2_lib2.final_cell_0276,human2,beta
mouse2_lib2.final_cell_0277,human2,endothelial
mouse2_lib2.final_cell_0278,human2,beta
mouse2_lib2.final_cell_0279,human2,alpha
mouse2_lib2.final_cell_0280,human2,beta
mouse2_lib2.final_cell_0281,human2,endothelial
mouse2_lib2.final_cell_0282,human2,alpha
mouse2_lib2.final_cell_0283,human2,beta
mouse2_lib2.final_cell_0284,human2,endothelial
mouse2_lib2.final_cell_0285,human2,alpha
mouse2_lib2.final_cell_0286,human2,delta
mouse2_lib2.final_cell_0287,human2,beta
mouse2_lib2.final_cell_0288,human2,beta
mouse2_lib2.final_cell_0289,human2,beta
mouse2_lib2.final_cell_0290,human2,delta
mouse2_lib2.final_cell_0291,human2,quiescent_stellate
mouse2_lib2.final_cell_0292,human2,beta
mouse2_lib2.final_cell_0293,human2,alpha
mouse2_lib2.final_cell_0294,human2,endothelial
mouse2_lib2.final_cell_0295,human2,ductal
mouse2_lib2.final_cell_0296,human2,beta
mouse2_lib2.final_cell_0297,human2,beta
mouse2_lib2.final_cell_0298,human2,T_cell
mouse2_lib2.final_cell_0299,human2,endothelial
mouse2_lib2.final_cell_0300,human2,beta
mouse2_lib2.final_cell_0301,human2,ductal
mouse2_lib2.final_cell_0302,human2,immune_other
mouse2_lib2.final_cell_0303,human2,macrophage
mouse2_lib2.final_cell_0304,human2,quiescent_stellate
mouse2_lib2.final_cell_0305,human2,beta
mouse2_lib2.final_cell_0306,human2,beta
mouse2_lib2.final_cell_0307,human2,beta
mouse2_lib2.final_cell_0308,human2,delta
mouse2_lib2.final_cell_0309,human2,endothelial
mouse2_lib2.final_cell_0310,human2,alpha
mouse2_lib2.final_cell_0311,human2,beta
mouse2_lib2.final_cell_0312,human2,beta
mouse2_lib2.final_cell_0313,human2,beta
mouse2_lib2.final_cell_0314,human2,delta
mouse2_lib2.final_cell_0315,human2,beta
mouse2_lib2.final_cell_0316,human2,beta
mouse2_lib2.final_cell_0317,human2,beta
mouse2_lib2.final_cell_0318,human2,beta
mouse2_lib2.final_cell_0319,human2,beta
mouse2_lib2.final_cell_0320,human2,beta
mouse2_lib2.final_cell_0321,human2,delta
mouse2_lib2.final_cell_0322,human2,alpha
mouse2_lib2.final_cell_0323,human2,macrophage
mouse2_lib2.final_cell_0324,human2,delta
mouse2_lib2.final_cell_0325,human2,T_cell
mouse2_lib2.final_cell_0326,human2,beta
mouse2_lib2.final_cell_0327,human2,alpha
mouse2_lib2.final_cell_0328,human2,quiescent_stellate
mouse2_lib2.final_cell_0329,human2,quiescent_stellate
mouse2_lib2.final_cell_0330,human2,delta
mouse2_lib2.final_cell_0331,human2,beta
mouse2_lib2.final_cell_0332,human2,delta
mouse2_lib2.final_cell_0333,human2,delta
mouse2_lib2.final_cell_0334,human2,quiescent_stellate
mouse2_lib2.final_cell_0335,human2,delta
mouse2_lib2.final_cell_0336,human2,quiescent_stellate
mouse2_lib2.final_cell_0337,human2,delta
mouse2_lib2.final_cell_0338,human2,delta
mouse2_lib2.final_cell_0339,human2,alpha
mouse2_lib2.final_cell_0340,human2,ductal
mouse2_lib2.final_cell_0341,human2,delta
mouse2_lib2.final_cell_0342,human2,beta
mouse2_lib2.final_cell_0343,human2,B_cell
mouse2_lib2.final_cell_0344,human2,delta
mouse2_lib2.final_cell_0345,human2,delta
mouse2_lib2.final_cell_0346,human2,delta
mouse2_lib2.final_cell_0347,human2,delta
mouse2_lib2.final_cell_0348,human2,quiescent_stellate
mouse2_lib2.final_cell_0349,human2,endothelial
mouse2_lib3.final_cell_0001,human2,beta
mouse2_lib3.final_cell_0002,human2,beta
mouse2_lib3.final_cell_0003,human2,beta
mouse2_lib3.final_cell_0004,human2,beta
mouse2_lib3.final_cell_0005,human2,beta
mouse2_lib3.final_cell_0006,human2,beta
mouse2_lib3.final_cell_0007,human2,beta
mouse2_lib3.final_cell_0008,human2,beta
mouse2_lib3.final_cell_0009,human2,beta
mouse2_lib3.final_cell_0010,human2,beta
mouse2_lib3.final_cell_0011,human2,beta
mouse2_lib3.final_cell_0012,human2,beta
mouse2_lib3.final_cell_0013,human2,delta
mouse2_lib3.final_cell_0014,human2,delta
mouse2_lib3.final_cell_0015,human2,beta
mouse2_lib3.final_cell_0016,human2,activated_stellate
mouse2_lib3.final_cell_0017,human2,beta
mouse2_lib3.final_cell_0018,human2,beta
mouse2_lib3.final_cell_0019,human2,beta
mouse2_lib3.final_cell_0020,human2,alpha
mouse2_lib3.final_cell_0021,human2,alpha
mouse2_lib3.final_cell_0022,human2,beta
mouse2_lib3.final_cell_0023,human2,beta
mouse2_lib3.final_cell_0024,human2,beta
mouse2_lib3.final_cell_0025,human2,beta
mouse2_lib3.final_cell_0026,human2,alpha
mouse2_lib3.final_cell_0027,human2,beta
mouse2_lib3.final_cell_0028,human2,beta
mouse2_lib3.final_cell_0029,human2,beta
mouse2_lib3.final_cell_0030,human2,alpha
mouse2_lib3.final_cell_0031,human2,beta
mouse2_lib3.final_cell_0032,human2,beta
mouse2_lib3.final_cell_0033,human2,delta
mouse2_lib3.final_cell_0034,human2,schwann
mouse2_lib3.final_cell_0035,human2,beta
mouse2_lib3.final_cell_0036,human2,beta
mouse2_lib3.final_cell_0037,human2,beta
mouse2_lib3.final_cell_0038,human2,beta
mouse2_lib3.final_cell_0039,human2,gamma
mouse2_lib3.final_cell_0040,human2,beta
mouse2_lib3.final_cell_0041,human2,delta
mouse2_lib3.final_cell_0042,human2,beta
mouse2_lib3.final_cell_0043,human2,beta
mouse2_lib3.final_cell_0044,human2,beta
mouse2_lib3.final_cell_0045,human2,beta
mouse2_lib3.final_cell_0046,human2,beta
mouse2_lib3.final_cell_0047,human2,beta
mouse2_lib3.final_cell_0048,human2,delta
mouse2_lib3.final_cell_0049,human2,beta
mouse2_lib3.final_cell_0050,human2,alpha
mouse2_lib3.final_cell_0051,human2,beta
mouse2_lib3.final_cell_0052,human2,beta
mouse2_lib3.final_cell_0053,human2,beta
mouse2_lib3.final_cell_0054,human2,beta
mouse2_lib3.final_cell_0055,human2,beta
mouse2_lib3.final_cell_0056,human2,beta
mouse2_lib3.final_cell_0057,human2,beta
mouse2_lib3.final_cell_0058,human2,beta
mouse2_lib3.final_cell_0059,human2,beta
mouse2_lib3.final_cell_0060,human2,beta
mouse2_lib3.final_cell_0061,human2,ductal
mouse2_lib3.final_cell_0062,human2,beta
mouse2_lib3.final_cell_0063,human2,alpha
mouse2_lib3.final_cell_0064,human2,alpha
mouse2_lib3.final_cell_0065,human2,schwann
mouse2_lib3.final_cell_0066,human2,alpha
mouse2_lib3.final_cell_0067,human2,beta
mouse2_lib3.final_cell_0068,human2,beta
mouse2_lib3.final_cell_0069,human2,ductal
mouse2_lib3.final_cell_0070,human2,alpha
mouse2_lib3.final_cell_0071,human2,beta
mouse2_lib3.final_cell_0072,human2,delta
mouse2_lib3.final_cell_0073,human2,alpha
mouse2_lib3.final_cell_0074,human2,delta
mouse2_lib3.final_cell_0075,human2,delta
mouse2_lib3.final_cell_0076,human2,alpha
mouse2_lib3.final_cell_0077,human2,beta
mouse2_lib3.final_cell_0078,human2,alpha
mouse2_lib3.final_cell_0079,human2,beta
mouse2_lib3.final_cell_0080,human2,beta
mouse2_lib3.final_cell_0081,human2,delta
mouse2_lib3.final_cell_0082,human2,alpha
mouse2_lib3.final_cell_0083,human2,beta
mouse2_lib3.final_cell_0084,human2,beta
mouse2_lib3.final_cell_0085,human2,beta
mouse2_lib3.final_cell_0086,human2,alpha
mouse2_lib3.final_cell_0087,human2,alpha
mouse2_lib3.final_cell_0088,human2,beta
mouse2_lib3.final_cell_0089,human2,beta
mouse2_lib3.final_cell_0090,human2,beta
mouse2_lib3.final_cell_0091,human2,alpha
mouse2_lib3.final_cell_0092,human2,beta
mouse2_lib3.final_cell_0093,human2,alpha
mouse2_lib3.final_cell_0094,human2,alpha
mouse2_lib3.final_cell_0095,human2,alpha
mouse2_lib3.final_cell_0096,human2,beta
mouse2_lib3.final_cell_0097,human2,delta
mouse2_lib3.final_cell_0098,human2,beta
mouse2_lib3.final_cell_0099,human2,beta
mouse2_lib3.final_cell_0100,human2,alpha
mouse2_lib3.final_cell_0101,human2,beta
mouse2_lib3.final_cell_0102,human2,beta
mouse2_lib3.final_cell_0103,human2,beta
mouse2_lib3.final_cell_0104,human2,beta
mouse2_lib3.final_cell_0105,human2,delta
mouse2_lib3.final_cell_0106,human2,alpha
mouse2_lib3.final_cell_0107,human2,beta
mouse2_lib3.final_cell_0108,human2,alpha
mouse2_lib3.final_cell_0109,human2,alpha
mouse2_lib3.final_cell_0110,human2,beta
mouse2_lib3.final_cell_0111,human2,beta
mouse2_lib3.final_cell_0112,human2,alpha
mouse2_lib3.final_cell_0113,human2,beta
mouse2_lib3.final_cell_0114,human2,beta
mouse2_lib3.final_cell_0115,human2,alpha
mouse2_lib3.final_cell_0116,human2,delta
mouse2_lib3.final_cell_0117,human2,beta
mouse2_lib3.final_cell_0118,human2,alpha
mouse2_lib3.final_cell_0119,human2,beta
mouse2_lib3.final_cell_0120,human2,beta
mouse2_lib3.final_cell_0121,human2,beta
mouse2_lib3.final_cell_0122,human2,beta
mouse2_lib3.final_cell_0123,human2,beta
mouse2_lib3.final_cell_0124,human2,beta
mouse2_lib3.final_cell_0125,human2,delta
mouse2_lib3.final_cell_0126,human2,delta
mouse2_lib3.final_cell_0127,human2,beta
mouse2_lib3.final_cell_0128,human2,beta
mouse2_lib3.final_cell_0129,human2,beta
mouse2_lib3.final_cell_0130,human2,alpha
mouse2_lib3.final_cell_0131,human2,ductal
mouse2_lib3.final_cell_0132,human2,beta
mouse2_lib3.final_cell_0133,human2,beta
mouse2_lib3.final_cell_0134,human2,beta
mouse2_lib3.final_cell_0135,human2,beta
mouse2_lib3.final_cell_0136,human2,beta
mouse2_lib3.final_cell_0137,human2,beta
mouse2_lib3.final_cell_0138,human2,beta
mouse2_lib3.final_cell_0139,human2,beta
mouse2_lib3.final_cell_0140,human2,delta
mouse2_lib3.final_cell_0141,human2,beta
mouse2_lib3.final_cell_0142,human2,alpha
mouse2_lib3.final_cell_0143,human2,beta
mouse2_lib3.final_cell_0144,human2,delta
mouse2_lib3.final_cell_0145,human2,alpha
mouse2_lib3.final_cell_0146,human2,B_cell
mouse2_lib3.final_cell_0147,human2,beta
mouse2_lib3.final_cell_0148,human2,alpha
mouse2_lib3.final_cell_0149,human2,delta
mouse2_lib3.final_cell_0150,human2,beta
mouse2_lib3.final_cell_0151,human2,alpha
mouse2_lib3.final_cell_0152,human2,delta
mouse2_lib3.final_cell_0153,human2,alpha
mouse2_lib3.final_cell_0154,human2,beta
mouse2_lib3.final_cell_0155,human2,alpha
mouse2_lib3.final_cell_0156,human2,beta
mouse2_lib3.final_cell_0157,human2,alpha
mouse2_lib3.final_cell_0158,human2,alpha
mouse2_lib3.final_cell_0159,human2,beta
mouse2_lib3.final_cell_0160,human2,alpha
mouse2_lib3.final_cell_0161,human2,beta
mouse2_lib3.final_cell_0162,human2,beta
mouse2_lib3.final_cell_0163,human2,alpha
mouse2_lib3.final_cell_0164,human2,beta
mouse2_lib3.final_cell_0165,human2,macrophage
mouse2_lib3.final_cell_0166,human2,beta
mouse2_lib3.final_cell_0167,human2,beta
mouse2_lib3.final_cell_0168,human2,alpha
mouse2_lib3.final_cell_0169,human2,beta
mouse2_lib3.final_cell_0170,human2,beta
mouse2_lib3.final_cell_0171,human2,ductal
mouse2_lib3.final_cell_0172,human2,gamma
mouse2_lib3.final_cell_0173,human2,beta
mouse2_lib3.final_cell_0174,human2,alpha
mouse2_lib3.final_cell_0175,human2,beta
mouse2_lib3.final_cell_0176,human2,beta
mouse2_lib3.final_cell_0177,human2,beta
mouse2_lib3.final_cell_0178,human2,delta
mouse2_lib3.final_cell_0179,human2,beta
mouse2_lib3.final_cell_0180,human2,gamma
mouse2_lib3.final_cell_0181,human2,endothelial
mouse2_lib3.final_cell_0182,human2,alpha
mouse2_lib3.final_cell_0183,human2,alpha
mouse2_lib3.final_cell_0184,human2,alpha
mouse2_lib3.final_cell_0185,human2,alpha
mouse2_lib3.final_cell_0186,human2,beta
mouse2_lib3.final_cell_0187,human2,beta
mouse2_lib3.final_cell_0188,human2,alpha
mouse2_lib3.final_cell_0189,human2,beta
mouse2_lib3.final_cell_0190,human2,beta
mouse2_lib3.final_cell_0191,human2,beta
mouse2_lib3.final_cell_0192,human2,endothelial
mouse2_lib3.final_cell_0193,human2,alpha
mouse2_lib3.final_cell_0194,human2,gamma
mouse2_lib3.final_cell_0195,human2,beta
mouse2_lib3.final_cell_0196,human2,beta
mouse2_lib3.final_cell_0197,human2,alpha
mouse2_lib3.final_cell_0198,human2,delta
mouse2_lib3.final_cell_0199,human2,ductal
mouse2_lib3.final_cell_0200,human2,beta
mouse2_lib3.final_cell_0201,human2,beta
mouse2_lib3.final_cell_0202,human2,beta
mouse2_lib3.final_cell_0203,human2,alpha
mouse2_lib3.final_cell_0204,human2,ductal
mouse2_lib3.final_cell_0205,human2,alpha
mouse2_lib3.final_cell_0206,human2,endothelial
mouse2_lib3.final_cell_0207,human2,alpha
mouse2_lib3.final_cell_0208,human2,beta
mouse2_lib3.final_cell_0209,human2,alpha
mouse2_lib3.final_cell_0210,human2,alpha
mouse2_lib3.final_cell_0211,human2,activated_stellate
mouse2_lib3.final_cell_0212,human2,delta
mouse2_lib3.final_cell_0213,human2,delta
mouse2_lib3.final_cell_0214,human2,ductal
mouse2_lib3.final_cell_0215,human2,beta
mouse2_lib3.final_cell_0216,human2,beta
mouse2_lib3.final_cell_0217,human2,beta
mouse2_lib3.final_cell_0218,human2,alpha
mouse2_lib3.final_cell_0219,human2,beta
mouse2_lib3.final_cell_0220,human2,gamma
mouse2_lib3.final_cell_0221,human2,beta
mouse2_lib3.final_cell_0222,human2,beta
mouse2_lib3.final_cell_0223,human2,beta
mouse2_lib3.final_cell_0224,human2,endothelial
mouse2_lib3.final_cell_0225,human2,ductal
mouse2_lib3.final_cell_0226,human2,beta
mouse2_lib3.final_cell_0227,human2,alpha
mouse2_lib3.final_cell_0228,human2,endothelial
mouse2_lib3.final_cell_0229,human2,beta
mouse2_lib3.final_cell_0230,human2,beta
mouse2_lib3.final_cell_0231,human2,beta
mouse2_lib3.final_cell_0232,human2,macrophage
mouse2_lib3.final_cell_0233,human2,macrophage
mouse2_lib3.final_cell_0234,human2,beta
mouse2_lib3.final_cell_0235,human2,beta
mouse2_lib3.final_cell_0236,human2,alpha
mouse2_lib3.final_cell_0237,human2,quiescent_stellate
mouse2_lib3.final_cell_0238,human2,alpha
mouse2_lib3.final_cell_0239,human2,beta
mouse2_lib3.final_cell_0240,human2,endothelial
mouse2_lib3.final_cell_0241,human2,alpha
mouse2_lib3.final_cell_0242,human2,endothelial
mouse2_lib3.final_cell_0243,human2,beta
mouse2_lib3.final_cell_0244,human2,beta
mouse2_lib3.final_cell_0245,human2,beta
mouse2_lib3.final_cell_0246,human2,beta
mouse2_lib3.final_cell_0247,human2,beta
mouse2_lib3.final_cell_0248,human2,beta
mouse2_lib3.final_cell_0249,human2,alpha
mouse2_lib3.final_cell_0250,human2,alpha
mouse2_lib3.final_cell_0251,human2,endothelial
mouse2_lib3.final_cell_0252,human2,beta
mouse2_lib3.final_cell_0253,human2,endothelial
mouse2_lib3.final_cell_0254,human2,beta
mouse2_lib3.final_cell_0255,human2,delta
mouse2_lib3.final_cell_0256,human2,beta
mouse2_lib3.final_cell_0257,human2,beta
mouse2_lib3.final_cell_0258,human2,beta
mouse2_lib3.final_cell_0259,human2,endothelial
mouse2_lib3.final_cell_0260,human2,beta
mouse2_lib3.final_cell_0261,human2,beta
mouse2_lib3.final_cell_0262,human2,endothelial
mouse2_lib3.final_cell_0263,human2,beta
mouse2_lib3.final_cell_0264,human2,endothelial
mouse2_lib3.final_cell_0265,human2,beta
mouse2_lib3.final_cell_0266,human2,beta
mouse2_lib3.final_cell_0267,human2,beta
mouse2_lib3.final_cell_0268,human2,beta
mouse2_lib3.final_cell_0269,human2,gamma
mouse2_lib3.final_cell_0270,human2,beta
mouse2_lib3.final_cell_0271,human2,beta
mouse2_lib3.final_cell_0272,human2,alpha
mouse2_lib3.final_cell_0273,human2,ductal
mouse2_lib3.final_cell_0274,human2,activated_stellate
mouse2_lib3.final_cell_0275,human2,beta
mouse2_lib3.final_cell_0276,human2,beta
mouse2_lib3.final_cell_0277,human2,delta
mouse2_lib3.final_cell_0278,human2,delta
mouse2_lib3.final_cell_0279,human2,alpha
mouse2_lib3.final_cell_0280,human2,beta
mouse2_lib3.final_cell_0281,human2,delta
mouse2_lib3.final_cell_0282,human2,beta
mouse2_lib3.final_cell_0283,human2,alpha
mouse2_lib3.final_cell_0284,human2,endothelial
mouse2_lib3.final_cell_0285,human2,beta
mouse2_lib3.final_cell_0286,human2,beta
mouse2_lib3.final_cell_0287,human2,beta
mouse2_lib3.final_cell_0288,human2,beta
mouse2_lib3.final_cell_0289,human2,endothelial
mouse2_lib3.final_cell_0290,human2,alpha
mouse2_lib3.final_cell_0291,human2,beta
mouse2_lib3.final_cell_0292,human2,endothelial
mouse2_lib3.final_cell_0293,human2,alpha
mouse2_lib3.final_cell_0294,human2,beta
mouse2_lib3.final_cell_0295,human2,alpha
mouse2_lib3.final_cell_0296,human2,endothelial
mouse2_lib3.final_cell_0297,human2,endothelial
mouse2_lib3.final_cell_0298,human2,beta
mouse2_lib3.final_cell_0299,human2,beta
mouse2_lib3.final_cell_0300,human2,beta
mouse2_lib3.final_cell_0301,human2,beta
mouse2_lib3.final_cell_0302,human2,beta
mouse2_lib3.final_cell_0303,human2,beta
mouse2_lib3.final_cell_0304,human2,beta
mouse2_lib3.final_cell_0305,human2,endothelial
mouse2_lib3.final_cell_0306,human2,delta
mouse2_lib3.final_cell_0307,human2,quiescent_stellate
mouse2_lib3.final_cell_0308,human2,endothelial
mouse2_lib3.final_cell_0309,human2,beta
mouse2_lib3.final_cell_0310,human2,macrophage
mouse2_lib3.final_cell_0311,human2,beta
mouse2_lib3.final_cell_0312,human2,beta
mouse2_lib3.final_cell_0313,human2,beta
mouse2_lib3.final_cell_0314,human2,endothelial
mouse2_lib3.final_cell_0315,human2,quiescent_stellate
mouse2_lib3.final_cell_0316,human2,endothelial
mouse2_lib3.final_cell_0317,human2,endothelial
mouse2_lib3.final_cell_0318,human2,delta
mouse2_lib3.final_cell_0319,human2,beta
mouse2_lib3.final_cell_0320,human2,immune_other
mouse2_lib3.final_cell_0321,human2,beta
mouse2_lib3.final_cell_0322,human2,delta
mouse2_lib3.final_cell_0323,human2,beta
mouse2_lib3.final_cell_0324,human2,gamma
mouse2_lib3.final_cell_0325,human2,endothelial
mouse2_lib3.final_cell_0326,human2,beta
mouse2_lib3.final_cell_0327,human2,beta
mouse2_lib3.final_cell_0328,human2,alpha
mouse2_lib3.final_cell_0329,human2,macrophage
mouse2_lib3.final_cell_0330,human2,alpha
mouse2_lib3.final_cell_0331,human2,ductal
mouse2_lib3.final_cell_0332,human2,beta
mouse2_lib3.final_cell_0333,human2,beta
mouse2_lib3.final_cell_0334,human2,beta
mouse2_lib3.final_cell_0335,human2,beta
mouse2_lib3.final_cell_0336,human2,ductal
mouse2_lib3.final_cell_0337,human2,beta
mouse2_lib3.final_cell_0338,human2,endothelial
mouse2_lib3.final_cell_0339,human2,alpha
mouse2_lib3.final_cell_0340,human2,endothelial
mouse2_lib3.final_cell_0341,human2,delta
mouse2_lib3.final_cell_0342,human2,beta
mouse2_lib3.final_cell_0343,human2,beta
mouse2_lib3.final_cell_0344,human2,beta
mouse2_lib3.final_cell_0345,human2,alpha
mouse2_lib3.final_cell_0346,human2,beta
mouse2_lib3.final_cell_0347,human2,quiescent_stellate
mouse2_lib3.final_cell_0348,human2,beta
mouse2_lib3.final_cell_0349,human2,alpha
mouse2_lib3.final_cell_0350,human2,delta
mouse2_lib3.final_cell_0351,human2,beta
mouse2_lib3.final_cell_0352,human2,beta
mouse2_lib3.final_cell_0353,human2,endothelial
mouse2_lib3.final_cell_0354,human2,endothelial
mouse2_lib3.final_cell_0355,human2,delta
mouse2_lib3.final_cell_0356,human2,beta
mouse2_lib3.final_cell_0357,human2,beta
mouse2_lib3.final_cell_0358,human2,ductal
mouse2_lib3.final_cell_0359,human2,quiescent_stellate
mouse2_lib3.final_cell_0360,human2,ductal
mouse2_lib3.final_cell_0361,human2,beta
mouse2_lib3.final_cell_0362,human2,beta
mouse2_lib3.final_cell_0363,human2,beta
mouse2_lib3.final_cell_0364,human2,beta
mouse2_lib3.final_cell_0365,human2,beta
mouse2_lib3.final_cell_0366,human2,endothelial
mouse2_lib3.final_cell_0367,human2,beta
mouse2_lib3.final_cell_0368,human2,T_cell
mouse2_lib3.final_cell_0369,human2,endothelial
mouse2_lib3.final_cell_0370,human2,beta
mouse2_lib3.final_cell_0371,human2,B_cell
mouse2_lib3.final_cell_0372,human2,endothelial
mouse2_lib3.final_cell_0373,human2,quiescent_stellate
mouse2_lib3.final_cell_0374,human2,beta
mouse2_lib3.final_cell_0375,human2,beta
mouse2_lib3.final_cell_0376,human2,beta
mouse2_lib3.final_cell_0377,human2,beta
mouse2_lib3.final_cell_0378,human2,delta
mouse2_lib3.final_cell_0379,human2,ductal
mouse2_lib3.final_cell_0380,human2,ductal
mouse2_lib3.final_cell_0381,human2,beta
mouse2_lib3.final_cell_0382,human2,beta
mouse2_lib3.final_cell_0383,human2,immune_other
mouse2_lib3.final_cell_0384,human2,beta
mouse2_lib3.final_cell_0385,human2,beta
mouse2_lib3.final_cell_0386,human2,delta
mouse2_lib3.final_cell_0387,human2,delta
mouse2_lib3.final_cell_0388,human2,delta
mouse2_lib3.final_cell_0389,human2,endothelial
mouse2_lib3.final_cell_0390,human2,ductal
mouse2_lib3.final_cell_0391,human2,beta
mouse2_lib3.final_cell_0392,human2,beta
mouse2_lib3.final_cell_0393,human2,ductal
mouse2_lib3.final_cell_0394,human2,quiescent_stellate
mouse2_lib3.final_cell_0395,human2,ductal
